Name,Pillar (auto),Discipline,Line,Importance,Level,Keystone,Related To,Regressions,Progressions,Also Appears In,Variant Of,Session Role,Notes,,,,,,,,,,,,,,
Bear Walk,Flocomotion,Ground Locomotion,Quadrupedal Forward,1,2,TRUE,,,,,,,Quadrupedal locomotion base. In nearly every warm-up.,,,,,,,,Quadrupedal Forward,Lateral / Multi-directional,Rolling Locomotion,Bipedal Forward,Vaulting,,
Bear Walk - Sexy,Flocomotion,Ground Locomotion,Quadrupedal Forward,3,3,FALSE,,,,,Bear Walk,,,,,,,,,,Quadrupedal Forward,Lateral / Multi-directional,Rolling Locomotion,Bipedal Forward,Vaulting,,
Bear Walk - Drunk,Flocomotion,Ground Locomotion,Quadrupedal Forward,3,3,FALSE,,,,,Bear Walk,,,,,,,,,,Quadrupedal Forward,Lateral / Multi-directional,Rolling Locomotion,Bipedal Forward,Vaulting,,
Bear Walk - Sideways,Flocomotion,Ground Locomotion,Lateral / Multi-directional,3,2,FALSE,,,,,Bear Walk,,,,,,,,,,Quadrupedal Forward,Lateral / Multi-directional,Rolling Locomotion,Bipedal Forward,Vaulting,,
Monkey Crawl,Flocomotion,Ground Locomotion,Lateral / Multi-directional,1,2,TRUE,,,,,,,Quadrupedal locomotion base.,,,,,,,,Quadrupedal Forward,Lateral / Multi-directional,Rolling Locomotion,Bipedal Forward,Vaulting,,
Monkey Crawl - High,Flocomotion,Ground Locomotion,Lateral / Multi-directional,1,2,FALSE,,,,,Monkey Crawl,,,,,,,,,,Quadrupedal Forward,Lateral / Multi-directional,Rolling Locomotion,Bipedal Forward,Vaulting,,
Monkey Crawl - Toe Click,Flocomotion,Ground Locomotion,Lateral / Multi-directional,3,4,FALSE,,,,,Monkey Crawl,,,,,,,,,,Quadrupedal Forward,Lateral / Multi-directional,Rolling Locomotion,Bipedal Forward,Vaulting,,
Monkey Crouch,Flocomotion,Ground Locomotion,Lateral / Multi-directional,3,2,FALSE,,,,,,,,,,,,,,,Quadrupedal Forward,Lateral / Multi-directional,Rolling Locomotion,Bipedal Forward,Vaulting,,
Wallaby,Flocomotion,Ground Locomotion,Quadrupedal Forward,1,2,FALSE,,,,,,,,,,,,,,,Quadrupedal Forward,Lateral / Multi-directional,Rolling Locomotion,Bipedal Forward,Vaulting,,
Surfer Crawl,Flocomotion,Ground Locomotion,Lateral / Multi-directional,3,2,FALSE,,,,,,,,,,,,,,,Quadrupedal Forward,Lateral / Multi-directional,Rolling Locomotion,Bipedal Forward,Vaulting,,
Cat Crawl,Flocomotion,Ground Locomotion,Quadrupedal Forward,2,2,FALSE,,,,,,,,,,,,,,,Quadrupedal Forward,Lateral / Multi-directional,Rolling Locomotion,Bipedal Forward,Vaulting,,
Cat Crawl - Spinal Wave,Flocomotion,Ground Locomotion,Quadrupedal Forward,3,6,FALSE,,,,,Cat Crawl,,,,,,,,,,Quadrupedal Forward,Lateral / Multi-directional,Rolling Locomotion,Bipedal Forward,Vaulting,,
Cross Step Lateral Crawl,Flocomotion,Ground Locomotion,Lateral / Multi-directional,3,2,FALSE,,,,,,,,,,,,,,,Quadrupedal Forward,Lateral / Multi-directional,Rolling Locomotion,Bipedal Forward,Vaulting,,
Inchworm,Flocomotion,Ground Locomotion,Quadrupedal Forward,3,2,FALSE,,,,,,,,,,,,,,,Quadrupedal Forward,Lateral / Multi-directional,Rolling Locomotion,Bipedal Forward,Vaulting,,
Crab Walk,Flocomotion,Ground Locomotion,Lateral / Multi-directional,2,4,FALSE,,,,,,,,,,,,,,,Quadrupedal Forward,Lateral / Multi-directional,Rolling Locomotion,Bipedal Forward,Vaulting,,
Cross Sweep,Flocomotion,Ground Locomotion,Quadrupedal Forward,3,3,FALSE,,,,,,,,,,,,,,,Quadrupedal Forward,Lateral / Multi-directional,Rolling Locomotion,Bipedal Forward,Vaulting,,
Bridge Walk,Flocomotion,Ground Locomotion,Lateral / Multi-directional,3,8,FALSE,,,,Spinal Mobility - Spinal Extension & Bridging,,,,,,,,,,,Quadrupedal Forward,Lateral / Multi-directional,Rolling Locomotion,Bipedal Forward,Vaulting,,
Kong,Flocomotion,Ground Locomotion,Quadrupedal Forward,3,6,FALSE,,,,,,,,,,,,,,,Quadrupedal Forward,Lateral / Multi-directional,Rolling Locomotion,Bipedal Forward,Vaulting,,
Ape Crawl,Flocomotion,Ground Locomotion,Quadrupedal Forward,3,3,FALSE,,,,,,,,,,,,,,,Quadrupedal Forward,Lateral / Multi-directional,Rolling Locomotion,Bipedal Forward,Vaulting,,
Lizard Crawl,Flocomotion,Ground Locomotion,Quadrupedal Forward,1,8,TRUE,,,,Pressing Strength - Horizontal Press,,,,,,,,,,,Quadrupedal Forward,Lateral / Multi-directional,Rolling Locomotion,Bipedal Forward,Vaulting,,
Lizard Crawl - Push Up,Flocomotion,Ground Locomotion,Quadrupedal Forward,1,5,FALSE,,,,Pressing Strength - Horizontal Press,Lizard Crawl,,,,,,,,,,Quadrupedal Forward,Lateral / Multi-directional,Rolling Locomotion,Bipedal Forward,Vaulting,,
Lizard Crawl - High,Flocomotion,Ground Locomotion,Quadrupedal Forward,1,3,FALSE,,,,Pressing Strength - Horizontal Press,Lizard Crawl,,,,,,,,,,Quadrupedal Forward,Lateral / Multi-directional,Rolling Locomotion,Bipedal Forward,Vaulting,,
Lizard Crawl - Low,Flocomotion,Ground Locomotion,Quadrupedal Forward,1,6,FALSE,,,,Pressing Strength - Horizontal Press,Lizard Crawl,,,,,,,,,,Quadrupedal Forward,Lateral / Multi-directional,Rolling Locomotion,Bipedal Forward,Vaulting,,
Spiderman Crawl,Flocomotion,Ground Locomotion,Quadrupedal Forward,3,4,FALSE,,,,,,,,,,,,,,,Quadrupedal Forward,Lateral / Multi-directional,Rolling Locomotion,Bipedal Forward,Vaulting,,
Duck Walk,Flocomotion,Ground Locomotion,Bipedal Forward,3,3,FALSE,,,,,,,,,,,,,,,Quadrupedal Forward,Lateral / Multi-directional,Rolling Locomotion,Bipedal Forward,Vaulting,,
Scorpion Crawl,Flocomotion,Ground Locomotion,Quadrupedal Forward,3,5,FALSE,,,,,,,,,,,,,,,Quadrupedal Forward,Lateral / Multi-directional,Rolling Locomotion,Bipedal Forward,Vaulting,,
Ostrich Walk,Flocomotion,Ground Locomotion,Bipedal Forward,2,2,FALSE,,,,,,,,,,,,,,,Quadrupedal Forward,Lateral / Multi-directional,Rolling Locomotion,Bipedal Forward,Vaulting,,
Caterpillar Crawl,Flocomotion,Ground Locomotion,Quadrupedal Forward,2,2,FALSE,,,,,,,,,,,,,,,Quadrupedal Forward,Lateral / Multi-directional,Rolling Locomotion,Bipedal Forward,Vaulting,,
Rabbit Crawl,Flocomotion,Ground Locomotion,Quadrupedal Forward,2,3,FALSE,,,,,,,,,,,,,,,Quadrupedal Forward,Lateral / Multi-directional,Rolling Locomotion,Bipedal Forward,Vaulting,,
Tie the Knot,Flocomotion,Ground Locomotion,Quadrupedal Forward,2,5,FALSE,,,,,,,,,,,,,,,Quadrupedal Forward,Lateral / Multi-directional,Rolling Locomotion,Bipedal Forward,Vaulting,,
Step Through,Flocomotion,Ground Locomotion,Lateral / Multi-directional,2,4,FALSE,,,,,,,,,,,,,,,Quadrupedal Forward,Lateral / Multi-directional,Rolling Locomotion,Bipedal Forward,Vaulting,,
Horse Stance - Walk,Flocomotion,Ground Locomotion,Bipedal Forward,3,4,FALSE,,,,Hip & Leg Mobility - Middle Split Line,,,,,,,,,,,Quadrupedal Forward,Lateral / Multi-directional,Rolling Locomotion,Bipedal Forward,Vaulting,,
Walking Lunge,Strength & Capacity,Loaded Lower Body Strength,Single-Leg Squat & Lunge,3,3,FALSE,,,,,Lunge ,,,,,,,,,,Bilateral Squat,Single-Leg Squat & Lunge,Lateral / Mobility Squat,Hip Hinge,Posterior Chain (knee),Anterior Chain (knee),Calf & Ankle
Curtsey Twist,Flocomotion,Ground Locomotion,Lateral / Multi-directional,3,4,FALSE,,,,,,,,,,,,,,,Quadrupedal Forward,Lateral / Multi-directional,Rolling Locomotion,Bipedal Forward,Vaulting,,
Broad Jump,Strength & Capacity,Bounciness & Elastic Power,Horizontal Jump,2,3,FALSE,,,,,,,,,,,,,,,Vertical Jump,Horizontal Jump,,,,,
Broad Jump - Backwards,Strength & Capacity,Bounciness & Elastic Power,Horizontal Jump,3,4,FALSE,,,,,,,,,,,,,,,Vertical Jump,Horizontal Jump,,,,,
Figure 8 Walk,Flocomotion,Rhythm & Flow,Rhythmic Foundations,2,6,FALSE,,,,,,,,,,,,,,,Rhythmic Foundations,Floor Flow,Kicks,Acrobatics,Dance / Musical Movement,,
Figure 8 Walk - Single Arm,Flocomotion,Rhythm & Flow,Rhythmic Foundations,2,4,FALSE,,,,,Figure 8 Walk,,,,,,,,,,Rhythmic Foundations,Floor Flow,Kicks,Acrobatics,Dance / Musical Movement,,
Forward Backward Swing Walk,Flocomotion,Rhythm & Flow,Rhythmic Foundations,2,4,FALSE,,,,,,,,,,,,,,,Rhythmic Foundations,Floor Flow,Kicks,Acrobatics,Dance / Musical Movement,,
Teacup Walk,Flocomotion,Rhythm & Flow,Rhythmic Foundations,3,3,FALSE,,,,,,,,,,,,,,,Rhythmic Foundations,Floor Flow,Kicks,Acrobatics,Dance / Musical Movement,,
Single Leg Hops,Strength & Capacity,Bounciness & Elastic Power,Vertical Jump,2,3,FALSE,,,,,,,,,,,,,,,Vertical Jump,Horizontal Jump,,,,,
Forward Skipping,Strength & Capacity,Bounciness & Elastic Power,Vertical Jump,2,3,FALSE,,,,,,,,,,,,,,,Vertical Jump,Horizontal Jump,,,,,
,,,,,,FALSE,,,,,,,,,,,,,,,,,,,,,
Forward Roll,Flocomotion,Ground Locomotion,Rolling Locomotion,2,3,TRUE,,,,,,,,,,,,,,,Quadrupedal Forward,Lateral / Multi-directional,Rolling Locomotion,Bipedal Forward,Vaulting,,
Backward Roll,Flocomotion,Ground Locomotion,Rolling Locomotion,3,3,FALSE,,,,,,,,,,,,,,,Quadrupedal Forward,Lateral / Multi-directional,Rolling Locomotion,Bipedal Forward,Vaulting,,
Parkour Roll,Flocomotion,Ground Locomotion,Rolling Locomotion,1,3,FALSE,,,,,,,,,,,,,,,Quadrupedal Forward,Lateral / Multi-directional,Rolling Locomotion,Bipedal Forward,Vaulting,,
Parkour Roll - Backward,Flocomotion,Ground Locomotion,Rolling Locomotion,2,4,FALSE,,,,,,,,,,,,,,,Quadrupedal Forward,Lateral / Multi-directional,Rolling Locomotion,Bipedal Forward,Vaulting,,
Sideways Roll,Flocomotion,Ground Locomotion,Rolling Locomotion,2,1,FALSE,,,,,,,,,,,,,,,Quadrupedal Forward,Lateral / Multi-directional,Rolling Locomotion,Bipedal Forward,Vaulting,,
Dive Roll,Flocomotion,Ground Locomotion,Rolling Locomotion,3,5,FALSE,,,,,,,,,,,,,,,Quadrupedal Forward,Lateral / Multi-directional,Rolling Locomotion,Bipedal Forward,Vaulting,,
Vortex Roll,Flocomotion,Ground Locomotion,Rolling Locomotion,3,9,FALSE,,,,,,,,,,,,,,,Quadrupedal Forward,Lateral / Multi-directional,Rolling Locomotion,Bipedal Forward,Vaulting,,
Falling Leaf,Flocomotion,Ground Locomotion,Rolling Locomotion,3,8,FALSE,,,,,,,,,,,,,,,Quadrupedal Forward,Lateral / Multi-directional,Rolling Locomotion,Bipedal Forward,Vaulting,,
Handstand to Roll,Flocomotion,Ground Locomotion,Rolling Locomotion,2,6,FALSE,,,,Hand Balancing & Inversion - Static Inversion,,,,,,,,,,,Quadrupedal Forward,Lateral / Multi-directional,Rolling Locomotion,Bipedal Forward,Vaulting,,
Belly to Belly Roll,Flocomotion,Ground Locomotion,Rolling Locomotion,3,6,FALSE,,,,,,,,,,,,,,,Quadrupedal Forward,Lateral / Multi-directional,Rolling Locomotion,Bipedal Forward,Vaulting,,
,,,,,,FALSE,,,,,,,,,,,,,,,,,,,,,
Cartwheel,Flocomotion,Inverted & Rotational Locomotion,Cartwheel Family,1,4,TRUE,,,,,,,,,,,,,,,Walkovers,Cartwheel Family,Flips & Handsprings,,,,
Cartwheel - Mini,Flocomotion,Inverted & Rotational Locomotion,Cartwheel Family,2,2,FALSE,,,Cartwheel,,Cartwheel,,,,,,,,,,Walkovers,Cartwheel Family,Flips & Handsprings,,,,
Cartwheel - Lazy,Flocomotion,Inverted & Rotational Locomotion,Cartwheel Family,2,2,FALSE,,,,,Cartwheel,,,,,,,,,,Walkovers,Cartwheel Family,Flips & Handsprings,,,,
Cartwheel - One Arm,Flocomotion,Inverted & Rotational Locomotion,Cartwheel Family,3,6,FALSE,,Cartwheel,,,Cartwheel,,,,,,,,,,Walkovers,Cartwheel Family,Flips & Handsprings,,,,
Cartwheel - Clock,Flocomotion,Inverted & Rotational Locomotion,Cartwheel Family,3,5,FALSE,,,,,Cartwheel,,,,,,,,,,Walkovers,Cartwheel Family,Flips & Handsprings,,,,
Cartwheel - Jump,Flocomotion,Inverted & Rotational Locomotion,Cartwheel Family,3,5,FALSE,,Cartwheel,,,Cartwheel,,,,,,,,,,Walkovers,Cartwheel Family,Flips & Handsprings,,,,
Cartwheel - Bent,Flocomotion,Inverted & Rotational Locomotion,Cartwheel Family,2,2,FALSE,,,,,Cartwheel,,,,,,,,,,Walkovers,Cartwheel Family,Flips & Handsprings,,,,
Cartwheel - Front,Flocomotion,Inverted & Rotational Locomotion,Cartwheel Family,2,9,TRUE,,,,,,,,,,,,,,,Walkovers,Cartwheel Family,Flips & Handsprings,,,,
Cartwheel - Mini Front,Flocomotion,Inverted & Rotational Locomotion,Cartwheel Family,2,4,FALSE,,,Cartwheel - Front,,Cartwheel - Front,,,,,,,,,,Walkovers,Cartwheel Family,Flips & Handsprings,,,,
Cartwheel - Circle,Flocomotion,Inverted & Rotational Locomotion,Cartwheel Family,3,4,FALSE,,,,,,,,,,,,,,,Walkovers,Cartwheel Family,Flips & Handsprings,,,,
Cartwheel - Cross,Flocomotion,Inverted & Rotational Locomotion,Cartwheel Family,3,6,FALSE,,,,,,,,,,,,,,,Walkovers,Cartwheel Family,Flips & Handsprings,,,,
Rolê,Flocomotion,Inverted & Rotational Locomotion,Cartwheel Family,2,2,FALSE,,,,,,,,,,,,,,,Walkovers,Cartwheel Family,Flips & Handsprings,,,,
Gumby,Flocomotion,Inverted & Rotational Locomotion,Cartwheel Family,2,6,FALSE,,,,,,,,,,,,,,,Walkovers,Cartwheel Family,Flips & Handsprings,,,,
Aerial,Flocomotion,Inverted & Rotational Locomotion,Flips & Handsprings,3,9,FALSE,,,,Inverted & Rotational Locomotion - Cartwheel Family,,,,,,,,,,,Walkovers,Cartwheel Family,Flips & Handsprings,,,,
,,,,,,FALSE,,,,,,,,,,,,,,,,,,,,,
Float - Backside,Flocomotion,Inverted & Rotational Locomotion,Cartwheel Family,2,4,FALSE,,,,Rhythm & Flow - Kicks,,,,,,,,,,,Walkovers,Cartwheel Family,Flips & Handsprings,,,,
Float - Frontside,Flocomotion,Inverted & Rotational Locomotion,Cartwheel Family,2,5,FALSE,,,,Rhythm & Flow - Kicks,,,,,,,,,,,Walkovers,Cartwheel Family,Flips & Handsprings,,,,
Meia Lua Kick,Flocomotion,Rhythm & Flow,Kicks,1,3,FALSE,,,,,,,,,,,,,,,Rhythmic Foundations,Floor Flow,Kicks,Acrobatics,Dance / Musical Movement,,
Sweep Kick,Flocomotion,Rhythm & Flow,Kicks,1,2,FALSE,,,,,,,,,,,,,,,Rhythmic Foundations,Floor Flow,Kicks,Acrobatics,Dance / Musical Movement,,
Crescent Kick - Inside,Flocomotion,Rhythm & Flow,Kicks,3,2,FALSE,,,,,,,,,,,,,,,Rhythmic Foundations,Floor Flow,Kicks,Acrobatics,Dance / Musical Movement,,
Crescent Kick - Outside,Flocomotion,Rhythm & Flow,Kicks,3,2,FALSE,,,,,,,,,,,,,,,Rhythmic Foundations,Floor Flow,Kicks,Acrobatics,Dance / Musical Movement,,
Crescent Kick - Pop,Flocomotion,Rhythm & Flow,Kicks,3,6,FALSE,,,,,,,,,,,,,,,Rhythmic Foundations,Floor Flow,Kicks,Acrobatics,Dance / Musical Movement,,
Monkey Kick,Flocomotion,Rhythm & Flow,Kicks,2,6,FALSE,Monkey Flip,,,,,,,,,,,,,,Rhythmic Foundations,Floor Flow,Kicks,Acrobatics,Dance / Musical Movement,,
Roundhouse Kick,Flocomotion,Rhythm & Flow,Kicks,3,3,FALSE,,,,,,,,,,,,,,,Rhythmic Foundations,Floor Flow,Kicks,Acrobatics,Dance / Musical Movement,,
Tornado Kick,Flocomotion,Rhythm & Flow,Kicks,3,6,FALSE,,,,,,,,,,,,,,,Rhythmic Foundations,Floor Flow,Kicks,Acrobatics,Dance / Musical Movement,,
Butterfly Kick,Flocomotion,Rhythm & Flow,Kicks,2,6,FALSE,Butterfly Twist,,,,,,,,,,,,,,Rhythmic Foundations,Floor Flow,Kicks,Acrobatics,Dance / Musical Movement,,
Butterfly Twist,Flocomotion,Inverted & Rotational Locomotion,Flips & Handsprings,3,9,FALSE,Butterfly Kick,,,,,,,,,,,,,,Walkovers,Cartwheel Family,Flips & Handsprings,,,,
Hook Kick,Flocomotion,Rhythm & Flow,Kicks,3,3,FALSE,,,,,,,,,,,,,,,Rhythmic Foundations,Floor Flow,Kicks,Acrobatics,Dance / Musical Movement,,
,,,,,,FALSE,,,,,,,,,,,,,,,,,,,,,
Monkey Flip,Flocomotion,Rhythm & Flow,Acrobatics,2,4,TRUE,Monkey Kick,,,,,,,,,,,,,,Rhythmic Foundations,Floor Flow,Kicks,Acrobatics,Dance / Musical Movement,,
Schwheel,Flocomotion,Rhythm & Flow,Acrobatics,3,4,FALSE,,,,,,,,,,,,,,,Rhythmic Foundations,Floor Flow,Kicks,Acrobatics,Dance / Musical Movement,,
Coin,Flocomotion,Rhythm & Flow,Acrobatics,3,4,FALSE,,,,,,,,,,,,,,,Rhythmic Foundations,Floor Flow,Kicks,Acrobatics,Dance / Musical Movement,,
Handspin,Flocomotion,Rhythm & Flow,Acrobatics,3,4,FALSE,,,,,,,,,,,,,,,Rhythmic Foundations,Floor Flow,Kicks,Acrobatics,Dance / Musical Movement,,
Barrel Roll,Flocomotion,Rhythm & Flow,Acrobatics,3,3,FALSE,,,,,,,,,,,,,,,Rhythmic Foundations,Floor Flow,Kicks,Acrobatics,Dance / Musical Movement,,
Reversão,Flocomotion,Rhythm & Flow,Acrobatics,3,9,TRUE,,,,,,,,,,,,,,,Rhythmic Foundations,Floor Flow,Kicks,Acrobatics,Dance / Musical Movement,,
Gainer,Flocomotion,Inverted & Rotational Locomotion,Flips & Handsprings,3,9,FALSE,,,,,,,,,,,,,,,Walkovers,Cartwheel Family,Flips & Handsprings,,,,
Helicóptero,Flocomotion,Rhythm & Flow,Acrobatics,3,7,FALSE,,,,,,,,,,,,,,,Rhythmic Foundations,Floor Flow,Kicks,Acrobatics,Dance / Musical Movement,,
Arm Swipe,Flocomotion,Rhythm & Flow,Acrobatics,2,3,FALSE,,,,,,,,,,,,,,,Rhythmic Foundations,Floor Flow,Kicks,Acrobatics,Dance / Musical Movement,,
Tick Tock,Mobility,Spinal Mobility,Spinal Extension & Bridging,3,5,FALSE,,,,,,,,,,,,,,,Spinal Extension & Bridging,Spinal Waves,,,,,
Drop Back,Mobility,Spinal Mobility,Spinal Extension & Bridging,3,5,FALSE,,,,,,,,,,,,,,,Spinal Extension & Bridging,Spinal Waves,,,,,
Front Walkover,Flocomotion,Inverted & Rotational Locomotion,Walkovers,2,9,FALSE,,,,,,,,,,,,,,,Walkovers,Cartwheel Family,Flips & Handsprings,,,,
Back Walkover,Flocomotion,Inverted & Rotational Locomotion,Walkovers,3,9,FALSE,,,,,,,,,,,,,,,Walkovers,Cartwheel Family,Flips & Handsprings,,,,
,,,,,,FALSE,,,,,,,,,,,,,,,,,,,,,
Leg Sweep,Flocomotion,Rhythm & Flow,Floor Flow,2,2,FALSE,,,,,,,,,,,,,,,Rhythmic Foundations,Floor Flow,Kicks,Acrobatics,Dance / Musical Movement,,
Helicopter,Flocomotion,Rhythm & Flow,Floor Flow,3,9,FALSE,,,,,,,,,,,,,,,Rhythmic Foundations,Floor Flow,Kicks,Acrobatics,Dance / Musical Movement,,
Windmill,Flocomotion,Rhythm & Flow,Floor Flow,2,4,FALSE,,,,,,,,,,,,,,,Rhythmic Foundations,Floor Flow,Kicks,Acrobatics,Dance / Musical Movement,,
Around the World,Flocomotion,Rhythm & Flow,Floor Flow,2,5,FALSE,,,,,,,,,,,,,,,Rhythmic Foundations,Floor Flow,Kicks,Acrobatics,Dance / Musical Movement,,
90/90 to Belly Roll,Flocomotion,Rhythm & Flow,Floor Flow,3,4,FALSE,,,,,,,,,,,,,,,Rhythmic Foundations,Floor Flow,Kicks,Acrobatics,Dance / Musical Movement,,
Fish Flop,Flocomotion,Rhythm & Flow,Floor Flow,2,6,FALSE,,,,Ground Locomotion - Rolling Locomotion,,,,,,,,,,,Rhythmic Foundations,Floor Flow,Kicks,Acrobatics,Dance / Musical Movement,,
Fish Flop - Single Leg,Flocomotion,Rhythm & Flow,Floor Flow,2,4,FALSE,,,,Ground Locomotion - Rolling Locomotion,Fish Flop,,,,,,,,,,Rhythmic Foundations,Floor Flow,Kicks,Acrobatics,Dance / Musical Movement,,
Shoulder Roll,Flocomotion,Rhythm & Flow,Floor Flow,3,5,FALSE,,,,Ground Locomotion - Rolling Locomotion,,,,,,,,,,,Rhythmic Foundations,Floor Flow,Kicks,Acrobatics,Dance / Musical Movement,,
,,,,,,FALSE,,,,,,,,,,,,,,,,,,,,,
Shoulder Stand - Parallettes,Handstands & Balance,Hand Balancing & Inversion,Bent-Arm Balances,2,6,FALSE,,,,,,,,,,,,,,,Bent-Arm Balances,Static Inversion,Shaped Handstands,Press Entries,,,
Shoulder Stand - Rings,Handstands & Balance,Hand Balancing & Inversion,Bent-Arm Balances,2,8,TRUE,,,,,,,,,,,,,,,Bent-Arm Balances,Static Inversion,Shaped Handstands,Press Entries,,,
Croc,Handstands & Balance,Hand Balancing & Inversion,Bent-Arm Balances,2,6,FALSE,,,,,,,,,,,,,,,Bent-Arm Balances,Static Inversion,Shaped Handstands,Press Entries,,,
QDR,Handstands & Balance,Hand Balancing & Inversion,Bent-Arm Balances,2,8,FALSE,,,QDR - Full Rotation,,,,,,,,,,,,Bent-Arm Balances,Static Inversion,Shaped Handstands,Press Entries,,,
QDR - Full Rotation,Handstands & Balance,Hand Balancing & Inversion,Bent-Arm Balances,3,9,FALSE,,QDR,,Rhythm & Flow - Floor Flow,QDR,,,,,,,,,,Bent-Arm Balances,Static Inversion,Shaped Handstands,Press Entries,,,
Bridge Circle,Mobility,Spinal Mobility,Spinal Extension & Bridging,2,6,FALSE,,Bridge Circle - Half,,Rhythm & Flow - Floor Flow,,,,,,,,,,,Spinal Extension & Bridging,Spinal Waves,,,,,
Bridge Circle - Half,Mobility,Spinal Mobility,Spinal Extension & Bridging,2,3,FALSE,,,Bridge Circle,Rhythm & Flow - Floor Flow,Bridge Circle,,,,,,,,,,Spinal Extension & Bridging,Spinal Waves,,,,,
Bridge Circle - Reach,Mobility,Spinal Mobility,Spinal Extension & Bridging,2,3,FALSE,,,Bridge Circle,Rhythm & Flow - Floor Flow,Bridge Circle,,,,,,,,,,Spinal Extension & Bridging,Spinal Waves,,,,,
Crow,Handstands & Balance,Hand Balancing & Inversion,Bent-Arm Balances,2,3,FALSE,,,"Crow - Straight Arm, Crow - Single Leg",,,,,,,,,,,,Bent-Arm Balances,Static Inversion,Shaped Handstands,Press Entries,,,
Crow - Frog,Handstands & Balance,Hand Balancing & Inversion,Bent-Arm Balances,3,2,FALSE,,,,,,,,,,,,,,,Bent-Arm Balances,Static Inversion,Shaped Handstands,Press Entries,,,
Crow - Straight Arm,Handstands & Balance,Hand Balancing & Inversion,Bent-Arm Balances,2,5,FALSE,,Crow,,,Crow,,,,,,,,,,Bent-Arm Balances,Static Inversion,Shaped Handstands,Press Entries,,,
Crow - Single Leg,Handstands & Balance,Hand Balancing & Inversion,Bent-Arm Balances,3,7,FALSE,,Crow,,,Crow,,,,,,,,,,Bent-Arm Balances,Static Inversion,Shaped Handstands,Press Entries,,,
Crow - Side Crow,Handstands & Balance,Hand Balancing & Inversion,Bent-Arm Balances,3,6,FALSE,,,,,,,,,,,,,,,Bent-Arm Balances,Static Inversion,Shaped Handstands,Press Entries,,,
Crow - Side Crow Split,Handstands & Balance,Hand Balancing & Inversion,Bent-Arm Balances,3,8,FALSE,,,,,,,,,,,,,,,Bent-Arm Balances,Static Inversion,Shaped Handstands,Press Entries,,,
Flying Split,Handstands & Balance,Hand Balancing & Inversion,Bent-Arm Balances,3,7,FALSE,,,,,,,,,,,,,,,Bent-Arm Balances,Static Inversion,Shaped Handstands,Press Entries,,,
Flying Pigeon,Handstands & Balance,Hand Balancing & Inversion,Bent-Arm Balances,3,6,FALSE,,,,,,,,,,,,,,,Bent-Arm Balances,Static Inversion,Shaped Handstands,Press Entries,,,
Air Baby,Handstands & Balance,Hand Balancing & Inversion,Bent-Arm Balances,3,10,FALSE,,,,,,,,,,,,,,,Bent-Arm Balances,Static Inversion,Shaped Handstands,Press Entries,,,
Headstand,Handstands & Balance,Hand Balancing & Inversion,Static Inversion,3,3,FALSE,,,,,,,,,,,,,,,Bent-Arm Balances,Static Inversion,Shaped Handstands,Press Entries,,,
Forearm Balance,Handstands & Balance,Hand Balancing & Inversion,Static Inversion,3,4,FALSE,,,,,,,,,,,,,,,Bent-Arm Balances,Static Inversion,Shaped Handstands,Press Entries,,,
,,,,,,FALSE,,,,,,,,,,,,,,,,,,,,,
Handstand - Freestanding,Handstands & Balance,Hand Balancing & Inversion,Static Inversion,1,7,TRUE,,,,,,,,,,,,,,,Bent-Arm Balances,Static Inversion,Shaped Handstands,Press Entries,,,
Handstand - Box,Handstands & Balance,Hand Balancing & Inversion,Static Inversion,1,3,FALSE,,,Handstand - Chest to Wall,,Handstand - Freestanding,,,,,,,,,,Bent-Arm Balances,Static Inversion,Shaped Handstands,Press Entries,,,
Handstand - Chest to Wall,Handstands & Balance,Hand Balancing & Inversion,Static Inversion,1,4,FALSE,,,Handstand - Toe Pulls,,Handstand - Freestanding,,,,,,,,,,Bent-Arm Balances,Static Inversion,Shaped Handstands,Press Entries,,,
Handstand - Toe Pulls,Handstands & Balance,Hand Balancing & Inversion,Static Inversion,2,5,FALSE,,,Handstand - Heel Pulls,,Handstand - Freestanding,,,,,,,,,,Bent-Arm Balances,Static Inversion,Shaped Handstands,Press Entries,,,
Handstand - Heel Pulls,Handstands & Balance,Hand Balancing & Inversion,Static Inversion,2,6,FALSE,,,Handstand - Freestanding,,Handstand - Freestanding,,,,,,,,,,Bent-Arm Balances,Static Inversion,Shaped Handstands,Press Entries,,,
Handstand - Kick Up,Handstands & Balance,Hand Balancing & Inversion,Static Inversion,1,5,FALSE,,,Handstand - Freestanding,,Handstand - Freestanding,,,,,,,,,,Bent-Arm Balances,Static Inversion,Shaped Handstands,Press Entries,,,
Handstand - Straddle,Handstands & Balance,Hand Balancing & Inversion,Shaped Handstands,1,7,FALSE,,Handstand - Kick Up,,,,,,,,,,,,,Bent-Arm Balances,Static Inversion,Shaped Handstands,Press Entries,,,
Handstand - Half Straddle,Handstands & Balance,Hand Balancing & Inversion,Shaped Handstands,3,7,FALSE,,,,,Handstand - Straddle,,,,,,,,,,Bent-Arm Balances,Static Inversion,Shaped Handstands,Press Entries,,,
Handstand - Split,Handstands & Balance,Hand Balancing & Inversion,Shaped Handstands,1,8,FALSE,,Handstand - Kick Up,,,,,,,,,,,,,Bent-Arm Balances,Static Inversion,Shaped Handstands,Press Entries,,,
Handstand - Stag,Handstands & Balance,Hand Balancing & Inversion,Shaped Handstands,2,7,FALSE,,Handstand - Kick Up,,,,,,,,,,,,,Bent-Arm Balances,Static Inversion,Shaped Handstands,Press Entries,,,
Handstand - Tuck,Handstands & Balance,Hand Balancing & Inversion,Shaped Handstands,2,6,FALSE,,,,,,,,,,,,,,,Bent-Arm Balances,Static Inversion,Shaped Handstands,Press Entries,,,
Handstand - Flag,Handstands & Balance,Hand Balancing & Inversion,Shaped Handstands,3,9,FALSE,,,,,,,,,,,,,,,Bent-Arm Balances,Static Inversion,Shaped Handstands,Press Entries,,,
Handstand - Walk,Handstands & Balance,Hand Balancing & Inversion,Static Inversion,3,8,FALSE,,,,,,,,,,,,,,,Bent-Arm Balances,Static Inversion,Shaped Handstands,Press Entries,,,
Handstand - Diamond,Handstands & Balance,Hand Balancing & Inversion,Shaped Handstands,3,8,FALSE,,,,,,,,,,,,,,,Bent-Arm Balances,Static Inversion,Shaped Handstands,Press Entries,,,
Handstand - Shoulder Taps,Handstands & Balance,Hand Balancing & Inversion,Static Inversion,3,8,FALSE,,,,,,,,,,,,,,,Bent-Arm Balances,Static Inversion,Shaped Handstands,Press Entries,,,
Handstand - Partner,Handstands & Balance,Hand Balancing & Inversion,Static Inversion,2,5,FALSE,,,,,Handstand - Freestanding,,,,,,,,,,Bent-Arm Balances,Static Inversion,Shaped Handstands,Press Entries,,,
Handstand - Fingertip Holds,Handstands & Balance,Hand Balancing & Inversion,Static Inversion,3,9,FALSE,,,Handstand - One Hand,,,,,,,,,,,,Bent-Arm Balances,Static Inversion,Shaped Handstands,Press Entries,,,
Handstand - Seven,Handstands & Balance,Hand Balancing & Inversion,Shaped Handstands,3,9,FALSE,,,,,,,,,,,,,,,Bent-Arm Balances,Static Inversion,Shaped Handstands,Press Entries,,,
Handstand - Wolf,Handstands & Balance,Hand Balancing & Inversion,Shaped Handstands,3,8,FALSE,,,,,,,,,,,,,,,Bent-Arm Balances,Static Inversion,Shaped Handstands,Press Entries,,,
Handstand - Hollow Back,Handstands & Balance,Hand Balancing & Inversion,Shaped Handstands,3,9,FALSE,,,,,,,,,,,,,,,Bent-Arm Balances,Static Inversion,Shaped Handstands,Press Entries,,,
Handstand - One Hand,Handstands & Balance,Hand Balancing & Inversion,Static Inversion,3,10,TRUE,,,,,,,,,,,,,,,Bent-Arm Balances,Static Inversion,Shaped Handstands,Press Entries,,,
Handstand - Head Position 2,Handstands & Balance,Hand Balancing & Inversion,Static Inversion,3,5,FALSE,,,,,,,,,,,,,,,Bent-Arm Balances,Static Inversion,Shaped Handstands,Press Entries,,,
Handstand - Head Position 3,Handstands & Balance,Hand Balancing & Inversion,Static Inversion,3,5,FALSE,,,,,,,,,,,,,,,Bent-Arm Balances,Static Inversion,Shaped Handstands,Press Entries,,,
Wall Walk,Strength & Capacity,Pressing Strength,Vertical Press,2,4,FALSE,,Wall Walk - Box,,Hand Balancing & Inversion - Static Inversion,,,,,,,,,,,Horizontal Press,Dip Press,Vertical Press,Bent-Arm to Straight-Arm Press,Arms & Accessory,,
Wall Walk - Box,Strength & Capacity,Pressing Strength,Vertical Press,2,3,FALSE,,,Wall Walk,Hand Balancing & Inversion - Static Inversion,Wall Walk,,,,,,,,,,Horizontal Press,Dip Press,Vertical Press,Bent-Arm to Straight-Arm Press,Arms & Accessory,,
,,,,,,FALSE,,,,,,,,,,,,,,,,,,,,,
Ring Row,Strength & Capacity,Hanging & Pulling,Horizontal Pull,1,3,FALSE,,,,,,,,,,,,,,,Passive / Active Hang,Vertical Pull,Horizontal Pull,Pull-to-Press Transition,Swinging & Brachiation,,
Ring Row - Rotational,Strength & Capacity,Hanging & Pulling,Horizontal Pull,3,5,FALSE,,,Ring Row - Rotational Contralateral,,Ring Row,,,,,,,,,,Passive / Active Hang,Vertical Pull,Horizontal Pull,Pull-to-Press Transition,Swinging & Brachiation,,
Ring Row - Rotational Contralateral,Strength & Capacity,Hanging & Pulling,Horizontal Pull,3,6,FALSE,,,Ring Row - Rotational Ipsilateral,,Ring Row,,,,,,,,,,Passive / Active Hang,Vertical Pull,Horizontal Pull,Pull-to-Press Transition,Swinging & Brachiation,,
Ring Row - Rotational Ipsilateral,Strength & Capacity,Hanging & Pulling,Horizontal Pull,3,7,FALSE,,,,,Ring Row,,,,,,,,,,Passive / Active Hang,Vertical Pull,Horizontal Pull,Pull-to-Press Transition,Swinging & Brachiation,,
Chin Up,Strength & Capacity,Hanging & Pulling,Vertical Pull,1,5,FALSE,,,,,,,,,,,,,,,Passive / Active Hang,Vertical Pull,Horizontal Pull,Pull-to-Press Transition,Swinging & Brachiation,,
Chin Up - Banded,Strength & Capacity,Hanging & Pulling,Vertical Pull,1,3,FALSE,,,Chin Up,,Chin Up,,,,,,,,,,Passive / Active Hang,Vertical Pull,Horizontal Pull,Pull-to-Press Transition,Swinging & Brachiation,,
Chin Up - Negative,Strength & Capacity,Hanging & Pulling,Vertical Pull,3,3,FALSE,,,Chin Up,,Chin Up,,,,,,,,,,Passive / Active Hang,Vertical Pull,Horizontal Pull,Pull-to-Press Transition,Swinging & Brachiation,,
Chin Up - Hold,Strength & Capacity,Hanging & Pulling,Vertical Pull,3,4,FALSE,,,,,Chin Up,,,,,,,,,,Passive / Active Hang,Vertical Pull,Horizontal Pull,Pull-to-Press Transition,Swinging & Brachiation,,
Chin Up - Archer,Strength & Capacity,Hanging & Pulling,Vertical Pull,3,7,FALSE,,,Chin Up - Typewriter,,Chin Up,,,,,,,,,,Passive / Active Hang,Vertical Pull,Horizontal Pull,Pull-to-Press Transition,Swinging & Brachiation,,
Chin Up - Typewriter,Strength & Capacity,Hanging & Pulling,Vertical Pull,3,8,FALSE,,,Chin Up - One Arm,,Chin Up,,,,,,,,,,Passive / Active Hang,Vertical Pull,Horizontal Pull,Pull-to-Press Transition,Swinging & Brachiation,,
Chin Up - Mixed Grip,Strength & Capacity,Hanging & Pulling,Vertical Pull,3,6,FALSE,,,Chin Up - One Arm,,Chin Up,,,,,,,,,,Passive / Active Hang,Vertical Pull,Horizontal Pull,Pull-to-Press Transition,Swinging & Brachiation,,
Chin Up - Weighted,Strength & Capacity,Hanging & Pulling,Vertical Pull,1,7,FALSE,,Chin Up,Chin Up - One Arm,,Chin Up,,,,,,,,,,Passive / Active Hang,Vertical Pull,Horizontal Pull,Pull-to-Press Transition,Swinging & Brachiation,,
Chin Up - One Arm,Strength & Capacity,Hanging & Pulling,Vertical Pull,2,10,FALSE,,Chin Up,,,Chin Up,,,,,,,,,,Passive / Active Hang,Vertical Pull,Horizontal Pull,Pull-to-Press Transition,Swinging & Brachiation,,
Pull Up,Strength & Capacity,Hanging & Pulling,Vertical Pull,1,6,FALSE,,,,,,,,,,,,,,,Passive / Active Hang,Vertical Pull,Horizontal Pull,Pull-to-Press Transition,Swinging & Brachiation,,
Rope Climb - Legless,Strength & Capacity,Hanging & Pulling,Vertical Pull,2,8,TRUE,,,,,,,,,,,,,,,Passive / Active Hang,Vertical Pull,Horizontal Pull,Pull-to-Press Transition,Swinging & Brachiation,,
Rope Climb - Feet Assisted,Strength & Capacity,Hanging & Pulling,Vertical Pull,2,5,FALSE,,,,,,,,,,,,,,,Passive / Active Hang,Vertical Pull,Horizontal Pull,Pull-to-Press Transition,Swinging & Brachiation,,
Bicep Curl - Rings,Strength & Capacity,Pressing Strength,Arms & Accessory,3,3,FALSE,,,,,,,,,,,,,,,Horizontal Press,Dip Press,Vertical Press,Bent-Arm to Straight-Arm Press,Arms & Accessory,,
Bicep Curl - Dumbbell,Strength & Capacity,Pressing Strength,Arms & Accessory,3,2,FALSE,,,,,,,,,,,,,,,Horizontal Press,Dip Press,Vertical Press,Bent-Arm to Straight-Arm Press,Arms & Accessory,,
Bicep Curl - Rotational,Strength & Capacity,Pressing Strength,Arms & Accessory,3,3,FALSE,,,,,,,,,,,,,,,Horizontal Press,Dip Press,Vertical Press,Bent-Arm to Straight-Arm Press,Arms & Accessory,,
Hammer Curl,Strength & Capacity,Pressing Strength,Arms & Accessory,3,2,FALSE,,,,,,,,,,,,,,,Horizontal Press,Dip Press,Vertical Press,Bent-Arm to Straight-Arm Press,Arms & Accessory,,
Bent Over Row,Strength & Capacity,Hanging & Pulling,Horizontal Pull,2,2,FALSE,,,,,,,,,,,,,,,Passive / Active Hang,Vertical Pull,Horizontal Pull,Pull-to-Press Transition,Swinging & Brachiation,,
Bent Over Row - Single Arm,Strength & Capacity,Hanging & Pulling,Horizontal Pull,3,4,FALSE,,,,,Bent Over Row,,,,,,,,,,Passive / Active Hang,Vertical Pull,Horizontal Pull,Pull-to-Press Transition,Swinging & Brachiation,,
Pelican Curl,Strength & Capacity,Pressing Strength,Arms & Accessory,2,7,FALSE,,,,,,,,,,,,,,,Horizontal Press,Dip Press,Vertical Press,Bent-Arm to Straight-Arm Press,Arms & Accessory,,
Ring Facepull,Strength & Capacity,Hanging & Pulling,Horizontal Pull,2,1,FALSE,,,,,,,,,,,,,,,Passive / Active Hang,Vertical Pull,Horizontal Pull,Pull-to-Press Transition,Swinging & Brachiation,,
Infinity Ring Pull,Strength & Capacity,Hanging & Pulling,Vertical Pull,2,6,FALSE,,,,,,,,,,,,,,,Passive / Active Hang,Vertical Pull,Horizontal Pull,Pull-to-Press Transition,Swinging & Brachiation,,
,,,,,,FALSE,,,,,,,,,,,,,,,,,,,,,
Passive Hang,Strength & Capacity,Hanging & Pulling,Passive / Active Hang,2,2,TRUE,,,,,,,Supinated / Pronated,,,,,,,,Passive / Active Hang,Vertical Pull,Horizontal Pull,Pull-to-Press Transition,Swinging & Brachiation,,
Passive Hang - Supinated,Strength & Capacity,Hanging & Pulling,Passive / Active Hang,2,2,FALSE,,,,,Passive Hang,,,,,,,,,,Passive / Active Hang,Vertical Pull,Horizontal Pull,Pull-to-Press Transition,Swinging & Brachiation,,
Passive Hang - Assisted,Strength & Capacity,Hanging & Pulling,Passive / Active Hang,2,1,FALSE,,,,,Passive Hang,,,,,,,,,,Passive / Active Hang,Vertical Pull,Horizontal Pull,Pull-to-Press Transition,Swinging & Brachiation,,
Passive Hang - Assisted Supinated,Strength & Capacity,Hanging & Pulling,Passive / Active Hang,2,1,FALSE,,,,,Passive Hang,,,,,,,,,,Passive / Active Hang,Vertical Pull,Horizontal Pull,Pull-to-Press Transition,Swinging & Brachiation,,
Passive to Active Hang,Strength & Capacity,Hanging & Pulling,Passive / Active Hang,2,3,FALSE,,,,,Active Hang,,,,,,,,,,Passive / Active Hang,Vertical Pull,Horizontal Pull,Pull-to-Press Transition,Swinging & Brachiation,,
Passive to Active Hang - Supinated,Strength & Capacity,Hanging & Pulling,Passive / Active Hang,2,3,FALSE,,,,,Active Hang,,,,,,,,,,Passive / Active Hang,Vertical Pull,Horizontal Pull,Pull-to-Press Transition,Swinging & Brachiation,,
Active Hang,Strength & Capacity,Hanging & Pulling,Passive / Active Hang,2,3,FALSE,,,,,,,,,,,,,,,Passive / Active Hang,Vertical Pull,Horizontal Pull,Pull-to-Press Transition,Swinging & Brachiation,,
Active Hang - Supinated,Strength & Capacity,Hanging & Pulling,Passive / Active Hang,2,3,FALSE,,,,,Active Hang,,,,,,,,,,Passive / Active Hang,Vertical Pull,Horizontal Pull,Pull-to-Press Transition,Swinging & Brachiation,,
Eagle Hang,Strength & Capacity,Hanging & Pulling,Passive / Active Hang,2,6,FALSE,,,,,,,,,,,,,,,Passive / Active Hang,Vertical Pull,Horizontal Pull,Pull-to-Press Transition,Swinging & Brachiation,,
Eagle Hang - Half,Strength & Capacity,Hanging & Pulling,Passive / Active Hang,2,5,FALSE,,,,,Eagle Hang,,,,,,,,,,Passive / Active Hang,Vertical Pull,Horizontal Pull,Pull-to-Press Transition,Swinging & Brachiation,,
Hang - One Arm,Strength & Capacity,Hanging & Pulling,Passive / Active Hang,2,7,FALSE,,,,,Passive Hang,,,,,,,,,,Passive / Active Hang,Vertical Pull,Horizontal Pull,Pull-to-Press Transition,Swinging & Brachiation,,
Hang - Hollow Body,Strength & Capacity,Hanging & Pulling,Passive / Active Hang,2,5,FALSE,,,,,,,,,,,,,,,Passive / Active Hang,Vertical Pull,Horizontal Pull,Pull-to-Press Transition,Swinging & Brachiation,,
False Grip Hang,Strength & Capacity,Hanging & Pulling,Passive / Active Hang,3,5,FALSE,,,,,,,,,,,,,,,Passive / Active Hang,Vertical Pull,Horizontal Pull,Pull-to-Press Transition,Swinging & Brachiation,,
False Grip Hang - Assisted,Strength & Capacity,Hanging & Pulling,Passive / Active Hang,3,4,FALSE,,,,,,,,,,,,,,,Passive / Active Hang,Vertical Pull,Horizontal Pull,Pull-to-Press Transition,Swinging & Brachiation,,
Arching Scap Pull,Strength & Capacity,Hanging & Pulling,Passive / Active Hang,2,4,FALSE,,,,,,,,,,,,,,,Passive / Active Hang,Vertical Pull,Horizontal Pull,Pull-to-Press Transition,Swinging & Brachiation,,
Arching Scap Pull - Supinated,Strength & Capacity,Hanging & Pulling,Passive / Active Hang,2,4,FALSE,,,,,Arching Scap Pull,,,,,,,,,,Passive / Active Hang,Vertical Pull,Horizontal Pull,Pull-to-Press Transition,Swinging & Brachiation,,
Swinging,Strength & Capacity,Hanging & Pulling,Swinging & Brachiation,2,2,FALSE,,,,,,,,,,,,,,,Passive / Active Hang,Vertical Pull,Horizontal Pull,Pull-to-Press Transition,Swinging & Brachiation,,
Lateral Swing,Strength & Capacity,Hanging & Pulling,Swinging & Brachiation,2,3,FALSE,,,,,,,,,,,,,,,Passive / Active Hang,Vertical Pull,Horizontal Pull,Pull-to-Press Transition,Swinging & Brachiation,,
Brachiation,Strength & Capacity,Hanging & Pulling,Swinging & Brachiation,2,4,FALSE,,,,,,,,,,,,,,,Passive / Active Hang,Vertical Pull,Horizontal Pull,Pull-to-Press Transition,Swinging & Brachiation,,
Lache,Strength & Capacity,Hanging & Pulling,Swinging & Brachiation,2,7,FALSE,,,,,,,,,,,,,,,Passive / Active Hang,Vertical Pull,Horizontal Pull,Pull-to-Press Transition,Swinging & Brachiation,,
Glide Kip,Strength & Capacity,Hanging & Pulling,Pull-to-Press Transition,2,6,FALSE,,,,,,,,,,,,,,,Passive / Active Hang,Vertical Pull,Horizontal Pull,Pull-to-Press Transition,Swinging & Brachiation,,
Swing to Precision,Strength & Capacity,Hanging & Pulling,Swinging & Brachiation,2,6,FALSE,,,,,,,,,,,,,,,Passive / Active Hang,Vertical Pull,Horizontal Pull,Pull-to-Press Transition,Swinging & Brachiation,,
Ape Swing,Strength & Capacity,Hanging & Pulling,Swinging & Brachiation,2,5,FALSE,,,,,,,,,,,,,,,Passive / Active Hang,Vertical Pull,Horizontal Pull,Pull-to-Press Transition,Swinging & Brachiation,,
Bar Kip,Strength & Capacity,Hanging & Pulling,Pull-to-Press Transition,2,6,FALSE,,,,,,,,,,,,,,,Passive / Active Hang,Vertical Pull,Horizontal Pull,Pull-to-Press Transition,Swinging & Brachiation,,
,,,,,,FALSE,,,,,,,,,,,,,,,,,,,,,
Front Lever,Strength & Capacity,Straight Arm Strength,Front Lever Line,2,9,TRUE,,,,Core & Midline - Hanging Core & Compression,,,,,,,,,,,Front Lever Line,Back Lever Line,Planche Line,Side Lever Line,Straight Arm Rotation,,
Front Lever - Straddle,Strength & Capacity,Straight Arm Strength,Front Lever Line,2,7,FALSE,,,,Core & Midline - Hanging Core & Compression,Front Lever,,,,,,,,,,Front Lever Line,Back Lever Line,Planche Line,Side Lever Line,Straight Arm Rotation,,
Front Lever - Tuck,Strength & Capacity,Straight Arm Strength,Front Lever Line,2,5,FALSE,,,,Core & Midline - Hanging Core & Compression,Front Lever,,,,,,,,,,Front Lever Line,Back Lever Line,Planche Line,Side Lever Line,Straight Arm Rotation,,
Ice Cream Maker,Strength & Capacity,Straight Arm Strength,Front Lever Line,2,7,FALSE,,,,Core & Midline - Hanging Core & Compression,Front Lever,,,,,,,,,,Front Lever Line,Back Lever Line,Planche Line,Side Lever Line,Straight Arm Rotation,,
Front Lever Pull,Strength & Capacity,Straight Arm Strength,Front Lever Line,2,10,FALSE,,,,Core & Midline - Hanging Core & Compression,,,,,,,,,,,Front Lever Line,Back Lever Line,Planche Line,Side Lever Line,Straight Arm Rotation,,
Front Lever Pull - Tuck,Strength & Capacity,Straight Arm Strength,Front Lever Line,2,7,FALSE,,,,Core & Midline - Hanging Core & Compression,Front Lever Pull,,,,,,,,,,Front Lever Line,Back Lever Line,Planche Line,Side Lever Line,Straight Arm Rotation,,
Front Lever Pull - Straddle,Strength & Capacity,Straight Arm Strength,Front Lever Line,2,8,FALSE,,,,Core & Midline - Hanging Core & Compression,Front Lever Pull,,,,,,,,,,Front Lever Line,Back Lever Line,Planche Line,Side Lever Line,Straight Arm Rotation,,
Front Lever - Deadlift,Strength & Capacity,Straight Arm Strength,Front Lever Line,2,9,FALSE,,,,Core & Midline - Hanging Core & Compression,Front Lever Pull,,,,,,,,,,Front Lever Line,Back Lever Line,Planche Line,Side Lever Line,Straight Arm Rotation,,
,,,,,,FALSE,,,,,,,,,,,,,,,,,,,,,
Skin the Cat,Strength & Capacity,Straight Arm Strength,Straight Arm Rotation,2,5,FALSE,,,,"Straight Arm Strength - Front Lever Line, Straight Arm Strength - Back Lever Line",,,,,,,,,,,Front Lever Line,Back Lever Line,Planche Line,Side Lever Line,Straight Arm Rotation,,
Skin the Cat - Jumping,Strength & Capacity,Straight Arm Strength,Straight Arm Rotation,2,6,FALSE,,,,"Straight Arm Strength - Front Lever Line, Straight Arm Strength - Back Lever Line",Skin the Cat,,,,,,,,,,Front Lever Line,Back Lever Line,Planche Line,Side Lever Line,Straight Arm Rotation,,
Skin the Cat - Pike,Strength & Capacity,Straight Arm Strength,Straight Arm Rotation,2,7,FALSE,,,,"Straight Arm Strength - Front Lever Line, Straight Arm Strength - Back Lever Line",Skin the Cat,,,,,,,,,,Front Lever Line,Back Lever Line,Planche Line,Side Lever Line,Straight Arm Rotation,,
360 Pull,Strength & Capacity,Straight Arm Strength,Straight Arm Rotation,2,8,TRUE,,,,"Straight Arm Strength - Front Lever Line, Straight Arm Strength - Back Lever Line",,,,,,,,,,,Front Lever Line,Back Lever Line,Planche Line,Side Lever Line,Straight Arm Rotation,,
German Hang,Strength & Capacity,Straight Arm Strength,Back Lever Line,2,5,FALSE,,,,,,,,,,,,,,,Front Lever Line,Back Lever Line,Planche Line,Side Lever Line,Straight Arm Rotation,,
German Hang - Assisted,Strength & Capacity,Straight Arm Strength,Back Lever Line,2,4,FALSE,,,,,German Hang,,,,,,,,,,Front Lever Line,Back Lever Line,Planche Line,Side Lever Line,Straight Arm Rotation,,
Back Lever,Strength & Capacity,Straight Arm Strength,Back Lever Line,2,8,TRUE,,,,,,,,,,,,,,,Front Lever Line,Back Lever Line,Planche Line,Side Lever Line,Straight Arm Rotation,,
Back Lever - Tuck,Strength & Capacity,Straight Arm Strength,Back Lever Line,2,6,FALSE,,,,,Back Lever,,,,,,,,,,Front Lever Line,Back Lever Line,Planche Line,Side Lever Line,Straight Arm Rotation,,
Back Lever - Straddle,Strength & Capacity,Straight Arm Strength,Back Lever Line,2,7,FALSE,,,,,Back Lever,,,,,,,,,,Front Lever Line,Back Lever Line,Planche Line,Side Lever Line,Straight Arm Rotation,,
,,,,,,FALSE,,,,,,,,,,,,,,,,,,,,,
Human Flag,Strength & Capacity,Straight Arm Strength,Side Lever Line,2,9,TRUE,,,,Core & Midline - Rotational & Loaded Core,,,,,,,,,,,Front Lever Line,Back Lever Line,Planche Line,Side Lever Line,Straight Arm Rotation,,
Human Flag - Feet Assisted,Strength & Capacity,Straight Arm Strength,Side Lever Line,2,5,FALSE,,,,Core & Midline - Rotational & Loaded Core,Human Flag,,,,,,,,,,Front Lever Line,Back Lever Line,Planche Line,Side Lever Line,Straight Arm Rotation,,
Human Flag - Feet Assisted Straddle,Strength & Capacity,Straight Arm Strength,Side Lever Line,2,5,FALSE,,,,Core & Midline - Rotational & Loaded Core,Human Flag,,,,,,,,,,Front Lever Line,Back Lever Line,Planche Line,Side Lever Line,Straight Arm Rotation,,
Human Flag - Kick Up,Strength & Capacity,Straight Arm Strength,Side Lever Line,2,6,FALSE,,,,Core & Midline - Rotational & Loaded Core,Human Flag,,,,,,,,,,Front Lever Line,Back Lever Line,Planche Line,Side Lever Line,Straight Arm Rotation,,
Human Flag - Negative,Strength & Capacity,Straight Arm Strength,Side Lever Line,2,7,FALSE,,,,Core & Midline - Rotational & Loaded Core,Human Flag,,,,,,,,,,Front Lever Line,Back Lever Line,Planche Line,Side Lever Line,Straight Arm Rotation,,
Human Flag - Straddle,Strength & Capacity,Straight Arm Strength,Side Lever Line,2,8,FALSE,,,,Core & Midline - Rotational & Loaded Core,Human Flag,,,,,,,,,,Front Lever Line,Back Lever Line,Planche Line,Side Lever Line,Straight Arm Rotation,,
Human Flag - Angled,Strength & Capacity,Straight Arm Strength,Side Lever Line,2,6,FALSE,,,,Core & Midline - Rotational & Loaded Core,Human Flag,,,,,,,,,,Front Lever Line,Back Lever Line,Planche Line,Side Lever Line,Straight Arm Rotation,,
Human Flag - Limp,Strength & Capacity,Straight Arm Strength,Side Lever Line,2,7,FALSE,,,,,Human Flag,,,,,,,,,,Front Lever Line,Back Lever Line,Planche Line,Side Lever Line,Straight Arm Rotation,,
,,,,,,FALSE,,,,,,,,,,,,,,,,,,,,,
Inverted Hang - Rings,Strength & Capacity,Hanging & Pulling,Passive / Active Hang,2,5,FALSE,,,,,,,,,,,,,,,Passive / Active Hang,Vertical Pull,Horizontal Pull,Pull-to-Press Transition,Swinging & Brachiation,,
Nutcracker,Strength & Capacity,Core & Midline,Hanging Core & Compression,2,7,FALSE,,,,,,,,,,,,,,,Hanging Core & Compression,Rotational & Loaded Core,Supine & Floor Core,,,,
Meat Hook,Strength & Capacity,Core & Midline,Hanging Core & Compression,2,9,FALSE,,,,,,,,,,,,,,,Hanging Core & Compression,Rotational & Loaded Core,Supine & Floor Core,,,,
Meat Hook - Two Hands Feet Assisted,Strength & Capacity,Core & Midline,Hanging Core & Compression,2,6,FALSE,,,,,Meat Hook,,,,,,,,,,Hanging Core & Compression,Rotational & Loaded Core,Supine & Floor Core,,,,
Meat Hook - Two Hands,Strength & Capacity,Core & Midline,Hanging Core & Compression,2,7,FALSE,,,,,Meat Hook,,,,,,,,,,Hanging Core & Compression,Rotational & Loaded Core,Supine & Floor Core,,,,
Meat Hook - Negative,Strength & Capacity,Core & Midline,Hanging Core & Compression,2,8,FALSE,,,,,Meat Hook,,,,,,,,,,Hanging Core & Compression,Rotational & Loaded Core,Supine & Floor Core,,,,
Meat Hook - Pull to One Arm,Strength & Capacity,Core & Midline,Hanging Core & Compression,2,10,FALSE,,,,,Meat Hook,,,,,,,,,,Hanging Core & Compression,Rotational & Loaded Core,Supine & Floor Core,,,,
,,,,,,FALSE,,,,,,,,,,,,,,,,,,,,,
Hanging Leg Raise,Strength & Capacity,Core & Midline,Hanging Core & Compression,2,5,FALSE,,,,,,,,,,,,,,,Hanging Core & Compression,Rotational & Loaded Core,Supine & Floor Core,,,,
Hanging Leg Raise - Tuck,Strength & Capacity,Core & Midline,Hanging Core & Compression,2,3,FALSE,,,,,Hanging Leg Raise,,,,,,,,,,Hanging Core & Compression,Rotational & Loaded Core,Supine & Floor Core,,,,
Hanging Leg Raise - Straddle,Strength & Capacity,Core & Midline,Hanging Core & Compression,2,6,FALSE,,,,,Hanging Leg Raise,,,,,,,,,,Hanging Core & Compression,Rotational & Loaded Core,Supine & Floor Core,,,,
Hanging Leg Raise - One Arm,Strength & Capacity,Core & Midline,Hanging Core & Compression,2,9,FALSE,,,,,Hanging Leg Raise,,,,,,,,,,Hanging Core & Compression,Rotational & Loaded Core,Supine & Floor Core,,,,
Around the World Leg Raise,Strength & Capacity,Core & Midline,Hanging Core & Compression,2,7,FALSE,,,,,,,,,,,,,,,Hanging Core & Compression,Rotational & Loaded Core,Supine & Floor Core,,,,
Around the World Leg Raise - Tuck,Strength & Capacity,Core & Midline,Hanging Core & Compression,2,6,FALSE,,,,,Around the World Leg Raise,,,,,,,,,,Hanging Core & Compression,Rotational & Loaded Core,Supine & Floor Core,,,,
Windscreen Wipers,Strength & Capacity,Core & Midline,Hanging Core & Compression,2,6,FALSE,,,,,,,,,,,,,,,Hanging Core & Compression,Rotational & Loaded Core,Supine & Floor Core,,,,
Hanging L-Sit,Strength & Capacity,Core & Midline,Hanging Core & Compression,2,4,FALSE,,,,,,,,,,,,,,,Hanging Core & Compression,Rotational & Loaded Core,Supine & Floor Core,,,,
Pull Over,Strength & Capacity,Hanging & Pulling,Pull-to-Press Transition,2,6,FALSE,,,,,,,,,,,,,,,Passive / Active Hang,Vertical Pull,Horizontal Pull,Pull-to-Press Transition,Swinging & Brachiation,,
Pull Over - Jump,Strength & Capacity,Hanging & Pulling,Pull-to-Press Transition,2,4,FALSE,,,,,Pull Over,,,,,,,,,,Passive / Active Hang,Vertical Pull,Horizontal Pull,Pull-to-Press Transition,Swinging & Brachiation,,
Forward Roll - Bar,Strength & Capacity,Straight Arm Strength,Straight Arm Rotation,2,5,FALSE,,,,,,,,,,,,,,,Front Lever Line,Back Lever Line,Planche Line,Side Lever Line,Straight Arm Rotation,,
Backward Roll - Bar,Strength & Capacity,Straight Arm Strength,Straight Arm Rotation,2,5,FALSE,,,,,,,,,,,,,,,Front Lever Line,Back Lever Line,Planche Line,Side Lever Line,Straight Arm Rotation,,
Skin the Cat - Bar,Strength & Capacity,Straight Arm Strength,Straight Arm Rotation,2,5,FALSE,,,,"Straight Arm Strength - Front Lever Line, Straight Arm Strength - Back Lever Line",,,,,,,,,,,Front Lever Line,Back Lever Line,Planche Line,Side Lever Line,Straight Arm Rotation,,
Muscle Up - Bar,Strength & Capacity,Hanging & Pulling,Pull-to-Press Transition,2,7,FALSE,,,,"Pressing Strength - Dip Press, Hanging & Pulling - Vertical Pull",,,,,,,,,,,Passive / Active Hang,Vertical Pull,Horizontal Pull,Pull-to-Press Transition,Swinging & Brachiation,,
,,,,,,FALSE,,,,,,,,,,,,,,,,,,,,,
Top Support - Rings,Strength & Capacity,Pressing Strength,Dip Press,2,3,FALSE,,,,,,,,,,,,,,,Horizontal Press,Dip Press,Vertical Press,Bent-Arm to Straight-Arm Press,Arms & Accessory,,
Ring Roll,Strength & Capacity,Straight Arm Strength,Straight Arm Rotation,2,6,FALSE,,,,,,,,,,,,,,,Front Lever Line,Back Lever Line,Planche Line,Side Lever Line,Straight Arm Rotation,,
Ring Roll - Backward,Strength & Capacity,Straight Arm Strength,Straight Arm Rotation,2,7,FALSE,,,,,,,,,,,,,,,Front Lever Line,Back Lever Line,Planche Line,Side Lever Line,Straight Arm Rotation,,
Muscle Up - Rings,Strength & Capacity,Hanging & Pulling,Pull-to-Press Transition,2,8,TRUE,"Pull Up, Dip - Rings",,,"Pressing Strength - Dip Press, Hanging & Pulling - Vertical Pull",,,,,,,,,,,Passive / Active Hang,Vertical Pull,Horizontal Pull,Pull-to-Press Transition,Swinging & Brachiation,,
Muscle Up - Baby,Strength & Capacity,Hanging & Pulling,Pull-to-Press Transition,2,6,FALSE,,,,"Pressing Strength - Dip Press, Hanging & Pulling - Vertical Pull",Muscle Up - Rings,,,,,,,,,,Passive / Active Hang,Vertical Pull,Horizontal Pull,Pull-to-Press Transition,Swinging & Brachiation,,
Muscle Up - Negative,Strength & Capacity,Hanging & Pulling,Pull-to-Press Transition,2,6,FALSE,,,,"Pressing Strength - Dip Press, Hanging & Pulling - Vertical Pull",Muscle Up - Rings,,,,,,,,,,Passive / Active Hang,Vertical Pull,Horizontal Pull,Pull-to-Press Transition,Swinging & Brachiation,,
Muscle Up - Transition,Strength & Capacity,Hanging & Pulling,Pull-to-Press Transition,2,5,FALSE,,,,,,,,,,,,,,,Passive / Active Hang,Vertical Pull,Horizontal Pull,Pull-to-Press Transition,Swinging & Brachiation,,
,,,,,,FALSE,,,,,,,,,,,,,,,,,,,,,
Push Up,Strength & Capacity,Pressing Strength,Horizontal Press,1,3,TRUE,,,,,,,,,,,,,,,Horizontal Press,Dip Press,Vertical Press,Bent-Arm to Straight-Arm Press,Arms & Accessory,,
Push Up - Knees,Strength & Capacity,Pressing Strength,Horizontal Press,2,1,FALSE,,,,,Push Up,,,,,,,,,,Horizontal Press,Dip Press,Vertical Press,Bent-Arm to Straight-Arm Press,Arms & Accessory,,
Push Up - Box,Strength & Capacity,Pressing Strength,Horizontal Press,2,2,FALSE,,,,,Push Up,,,,,,,,,,Horizontal Press,Dip Press,Vertical Press,Bent-Arm to Straight-Arm Press,Arms & Accessory,,
Push Up - Negative,Strength & Capacity,Pressing Strength,Horizontal Press,2,2,FALSE,,,,,Push Up,,,,,,,,,,Horizontal Press,Dip Press,Vertical Press,Bent-Arm to Straight-Arm Press,Arms & Accessory,,
Push Up - Deficit,Strength & Capacity,Pressing Strength,Horizontal Press,2,5,FALSE,,,,,Push Up,,,,,,,,,,Horizontal Press,Dip Press,Vertical Press,Bent-Arm to Straight-Arm Press,Arms & Accessory,,
Push Up - One Arm,Strength & Capacity,Pressing Strength,Horizontal Press,2,9,FALSE,,,,,Push Up,,,,,,,,,,Horizontal Press,Dip Press,Vertical Press,Bent-Arm to Straight-Arm Press,Arms & Accessory,,
Push Up - Clap,Strength & Capacity,Pressing Strength,Horizontal Press,2,6,FALSE,,,,,Push Up,,,,,,,,,,Horizontal Press,Dip Press,Vertical Press,Bent-Arm to Straight-Arm Press,Arms & Accessory,,
Push Up - Fists,Strength & Capacity,Pressing Strength,Horizontal Press,2,4,FALSE,,,,,Push Up,,,,,,,,,,Horizontal Press,Dip Press,Vertical Press,Bent-Arm to Straight-Arm Press,Arms & Accessory,,
Push Up - Fingertips,Strength & Capacity,Pressing Strength,Horizontal Press,2,6,FALSE,,,,,Push Up,,,,,,,,,,Horizontal Press,Dip Press,Vertical Press,Bent-Arm to Straight-Arm Press,Arms & Accessory,,
Push Up - Tiger Bend,Strength & Capacity,Pressing Strength,Horizontal Press,2,8,FALSE,,,,,Push Up,,,,,,,,,,Horizontal Press,Dip Press,Vertical Press,Bent-Arm to Straight-Arm Press,Arms & Accessory,,
Push Up - Fin,Strength & Capacity,Pressing Strength,Horizontal Press,2,6,FALSE,,,,,Push Up,,,,,,,,,,Horizontal Press,Dip Press,Vertical Press,Bent-Arm to Straight-Arm Press,Arms & Accessory,,
Push Up - Knuckles to Fin,Strength & Capacity,Pressing Strength,Horizontal Press,2,7,FALSE,,,,,Push Up,,,,,,,,,,Horizontal Press,Dip Press,Vertical Press,Bent-Arm to Straight-Arm Press,Arms & Accessory,,
Push Up - Rings,Strength & Capacity,Pressing Strength,Horizontal Press,2,5,FALSE,,,,,Push Up,,,,,,,,,,Horizontal Press,Dip Press,Vertical Press,Bent-Arm to Straight-Arm Press,Arms & Accessory,,
Pike Push Up,Strength & Capacity,Pressing Strength,Vertical Press,2,5,FALSE,,,,,,,,,,,,,,,Horizontal Press,Dip Press,Vertical Press,Bent-Arm to Straight-Arm Press,Arms & Accessory,,
Pike Push Up - Bent Legs,Strength & Capacity,Pressing Strength,Vertical Press,2,3,FALSE,,,,,Pike Push Up,,,,,,,,,,Horizontal Press,Dip Press,Vertical Press,Bent-Arm to Straight-Arm Press,Arms & Accessory,,
Handstand Push Up,Strength & Capacity,Pressing Strength,Vertical Press,2,8,TRUE,Handstand - Freestanding,,,Hand Balancing & Inversion - Static Inversion,,,,,,,,,,,Horizontal Press,Dip Press,Vertical Press,Bent-Arm to Straight-Arm Press,Arms & Accessory,,
Handstand Push Up - Box,Strength & Capacity,Pressing Strength,Vertical Press,2,6,FALSE,,,,,Handstand Push Up,,,,,,,,,,Horizontal Press,Dip Press,Vertical Press,Bent-Arm to Straight-Arm Press,Arms & Accessory,,
Handstand Push Up - Wall,Strength & Capacity,Pressing Strength,Vertical Press,2,6,FALSE,,,,,Handstand Push Up,,,,,,,,,,Horizontal Press,Dip Press,Vertical Press,Bent-Arm to Straight-Arm Press,Arms & Accessory,,
Handstand Push Up - Deficit,Strength & Capacity,Pressing Strength,Vertical Press,2,9,FALSE,,,,Hand Balancing & Inversion - Static Inversion,Handstand Push Up,,,,,,,,,,Horizontal Press,Dip Press,Vertical Press,Bent-Arm to Straight-Arm Press,Arms & Accessory,,
QDR - Push Up,Strength & Capacity,Pressing Strength,Bent-Arm to Straight-Arm Press,2,9,FALSE,,,,Hand Balancing & Inversion - Bent-Arm Balances,,,,,,,,,,,Horizontal Press,Dip Press,Vertical Press,Bent-Arm to Straight-Arm Press,Arms & Accessory,,
Bridge - Push Up,Mobility,Spinal Mobility,Spinal Extension & Bridging,2,6,FALSE,,,,Pressing Strength - Vertical Press,,,,,,,,,,,Spinal Extension & Bridging,Spinal Waves,,,,,
Tricep Extension - Rings,Strength & Capacity,Pressing Strength,Arms & Accessory,2,3,FALSE,,,,,,,,,,,,,,,Horizontal Press,Dip Press,Vertical Press,Bent-Arm to Straight-Arm Press,Arms & Accessory,,
Dip - Box,Strength & Capacity,Pressing Strength,Dip Press,2,3,FALSE,,,,,,,,,,,,,,,Horizontal Press,Dip Press,Vertical Press,Bent-Arm to Straight-Arm Press,Arms & Accessory,,
Dip - Rings,Strength & Capacity,Pressing Strength,Dip Press,1,5,FALSE,,,,,,,,,,,,,,,Horizontal Press,Dip Press,Vertical Press,Bent-Arm to Straight-Arm Press,Arms & Accessory,,
Dip - Rings Banded,Strength & Capacity,Pressing Strength,Dip Press,2,4,FALSE,,,,,Dip - Rings,,,,,,,,,,Horizontal Press,Dip Press,Vertical Press,Bent-Arm to Straight-Arm Press,Arms & Accessory,,
Dip - Rings Jumping,Strength & Capacity,Pressing Strength,Dip Press,2,4,FALSE,,,,,Dip - Rings,,,,,,,,,,Horizontal Press,Dip Press,Vertical Press,Bent-Arm to Straight-Arm Press,Arms & Accessory,,
Dip - Low Hold,Strength & Capacity,Pressing Strength,Dip Press,2,5,FALSE,,,,,Dip - Rings,,,,,,,,,,Horizontal Press,Dip Press,Vertical Press,Bent-Arm to Straight-Arm Press,Arms & Accessory,,
Shoulder Press - Dumbbell,Strength & Capacity,Pressing Strength,Vertical Press,2,3,FALSE,,,,,,,,,,,,,,,Horizontal Press,Dip Press,Vertical Press,Bent-Arm to Straight-Arm Press,Arms & Accessory,,
Shoulder Press - Barbell,Strength & Capacity,Pressing Strength,Vertical Press,2,4,FALSE,,,,,,,,,,,,,,,Horizontal Press,Dip Press,Vertical Press,Bent-Arm to Straight-Arm Press,Arms & Accessory,,
Thruster,Strength & Capacity,Loaded Lower Body Strength,Bilateral Squat,2,5,FALSE,,,,Pressing Strength - Vertical Press,,,,,,,,,,,Bilateral Squat,Single-Leg Squat & Lunge,Lateral / Mobility Squat,Hip Hinge,Posterior Chain (knee),Anterior Chain (knee),Calf & Ankle
Jerk,Strength & Capacity,Pressing Strength,Vertical Press,2,7,FALSE,,,,Loaded Lower Body Strength - Bilateral Squat,,,,,,,,,,,Horizontal Press,Dip Press,Vertical Press,Bent-Arm to Straight-Arm Press,Arms & Accessory,,
Crow to Handstand,Strength & Capacity,Pressing Strength,Bent-Arm to Straight-Arm Press,2,7,FALSE,,,,Hand Balancing & Inversion - Bent-Arm Balances,,,,,,,,,,,Horizontal Press,Dip Press,Vertical Press,Bent-Arm to Straight-Arm Press,Arms & Accessory,,
Shoulder Stand to Handstand,Strength & Capacity,Pressing Strength,Bent-Arm to Straight-Arm Press,2,7,FALSE,,,,Hand Balancing & Inversion - Bent-Arm Balances,,,,,,,,,,,Horizontal Press,Dip Press,Vertical Press,Bent-Arm to Straight-Arm Press,Arms & Accessory,,
Handstand to QDR,Strength & Capacity,Pressing Strength,Bent-Arm to Straight-Arm Press,2,9,FALSE,,,,Hand Balancing & Inversion - Bent-Arm Balances,,,,,,,,,,,Horizontal Press,Dip Press,Vertical Press,Bent-Arm to Straight-Arm Press,Arms & Accessory,,
Handstand to Croc,Strength & Capacity,Pressing Strength,Bent-Arm to Straight-Arm Press,2,8,FALSE,,,,Hand Balancing & Inversion - Bent-Arm Balances,,,,,,,,,,,Horizontal Press,Dip Press,Vertical Press,Bent-Arm to Straight-Arm Press,Arms & Accessory,,
,,,,,,FALSE,,,,,,,,,,,,,,,,,,,,,
2 Ball,Object Play,Object Play,Juggling,2,2,FALSE,,,,,,,,,,,,,,,Staff,Juggling,Ball Skills,,,,
3 Ball Cascade,Object Play,Object Play,Juggling,1,3,TRUE,,,,,,,,,,,,,,,Staff,Juggling,Ball Skills,,,,
3 Ball Reverse Cascade,Object Play,Object Play,Juggling,2,5,FALSE,,,,,,,,,,,,,,,Staff,Juggling,Ball Skills,,,,
3 Ball Mills Mess,Object Play,Object Play,Juggling,2,6,TRUE,,,,,,,,,,,,,,,Staff,Juggling,Ball Skills,,,,
3 Ball Take Outs,Object Play,Object Play,Juggling,2,6,FALSE,,,,,,,,,,,,,,,Staff,Juggling,Ball Skills,,,,
3 Ball Shower,Object Play,Object Play,Juggling,3,5,FALSE,,,,,,,,,,,,,,,Staff,Juggling,Ball Skills,,,,
3 Ball Flash,Object Play,Object Play,Juggling,2,4,FALSE,,,,,,,,,,,,,,,Staff,Juggling,Ball Skills,,,,
4 Ball Fountain,Object Play,Object Play,Juggling,2,7,TRUE,,,,,,,,,,,,,,,Staff,Juggling,Ball Skills,,,,
4 Ball Fountain - Reverse,Object Play,Object Play,Juggling,2,8,FALSE,,,,,,,,,,,,,,,Staff,Juggling,Ball Skills,,,,
2 Up 2 Over,Object Play,Object Play,Juggling,2,3,FALSE,,,,,,,,,,,,,,,Staff,Juggling,Ball Skills,,,,
5 Ball Cascade,Object Play,Object Play,Juggling,2,9,FALSE,,,,,,,,,,,,,,,Staff,Juggling,Ball Skills,,,,
Tennis Juggling,Object Play,Object Play,Juggling,2,4,FALSE,,,,,,,,,,,,,,,Staff,Juggling,Ball Skills,,,,
Box,Object Play,Object Play,Juggling,2,5,FALSE,,,,,,,,,,,,,,,Staff,Juggling,Ball Skills,,,,
4 Ball RLRL,Object Play,Object Play,Juggling,2,7,FALSE,,,,,,,,,,,,,,,Staff,Juggling,Ball Skills,,,,
4 Ball RLLR,Object Play,Object Play,Juggling,2,7,FALSE,,,,,,,,,,,,,,,Staff,Juggling,Ball Skills,,,,
3 Ball Behind the Back,Object Play,Object Play,Juggling,2,6,FALSE,,,,,,,,,,,,,,,Staff,Juggling,Ball Skills,,,,
3 Club Cascade,Object Play,Object Play,Juggling,2,6,FALSE,,,,,,,,,,,,,,,Staff,Juggling,Ball Skills,,,,
4 Club Fountain,Object Play,Object Play,Juggling,2,8,FALSE,,,,,,,,,,,,,,,Staff,Juggling,Ball Skills,,,,
Weighted Juggling,Object Play,Object Play,Juggling,2,4,FALSE,,,,,,,,,,,,,,,Staff,Juggling,Ball Skills,,,,
Rings Juggling,Object Play,Object Play,Juggling,2,5,FALSE,,,,,,,,,,,,,,,Staff,Juggling,Ball Skills,,,,
2 Ball Shuffling,Object Play,Object Play,Juggling,2,3,FALSE,,,,,,,,,,,,,,,Staff,Juggling,Ball Skills,,,,
Contact Juggling,Object Play,Object Play,Juggling,3,7,FALSE,,,,,,,,,,,,,,,Staff,Juggling,Ball Skills,,,,
3 Ball Steal,Object Play,Object Play,Juggling,3,5,FALSE,,,,,,,,,,,,,,,Staff,Juggling,Ball Skills,,,,
3 Ball Factory,Object Play,Object Play,Juggling,3,6,FALSE,,,,,,,,,,,,,,,Staff,Juggling,Ball Skills,,,,
2 Ball Columns,Object Play,Object Play,Juggling,3,2,FALSE,,,,,,,,,,,,,,,Staff,Juggling,Ball Skills,,,,
3 in One Hand Juggling,Object Play,Object Play,Juggling,3,7,FALSE,,,,,,,,,,,,,,,Staff,Juggling,Ball Skills,,,,
,,,,,,FALSE,,,,,,,,,,,,,,,,,,,,,
Bo-Staff - Forward Spin,Object Play,Object Play,Staff,1,2,FALSE,,,,,,,,,,,,,,,Staff,Juggling,Ball Skills,,,,
Bo-Staff - Backward Spin,Object Play,Object Play,Staff,2,2,FALSE,,,,,,,,,,,,,,,Staff,Juggling,Ball Skills,,,,
Bo-Staff - Forward to Backward,Object Play,Object Play,Staff,2,3,FALSE,,,,,,,,,,,,,,,Staff,Juggling,Ball Skills,,,,
Bo-Staff - Endless Spin,Object Play,Object Play,Staff,2,5,TRUE,,,,,,,,,,,,,,,Staff,Juggling,Ball Skills,,,,
Bo-Staff - Around the World,Object Play,Object Play,Staff,2,4,FALSE,,,,,,,,,,,,,,,Staff,Juggling,Ball Skills,,,,
Bo-Staff - Endless Spin Release,Object Play,Object Play,Staff,2,7,FALSE,,,,,,,,,,,,,,,Staff,Juggling,Ball Skills,,,,
Bo-Staff - Behind the Back,Object Play,Object Play,Staff,2,6,FALSE,,,,,,,,,,,,,,,Staff,Juggling,Ball Skills,,,,
Bo-Staff - Around the World Release,Object Play,Object Play,Staff,2,7,FALSE,,,,,,,,,,,,,,,Staff,Juggling,Ball Skills,,,,
Bo-Staff - Palm Spin,Object Play,Object Play,Staff,2,4,FALSE,,,,,,,,,,,,,,,Staff,Juggling,Ball Skills,,,,
Bo-Staff - Butterfly Spin,Object Play,Object Play,Staff,2,6,FALSE,,,,,,,,,,,,,,,Staff,Juggling,Ball Skills,,,,
Bo-Staff - Neck Roll,Object Play,Object Play,Staff,3,5,FALSE,,,,,,,,,,,,,,,Staff,Juggling,Ball Skills,,,,
Bo-Staff - Toss / Catch,Object Play,Object Play,Staff,3,6,FALSE,,,,,,,,,,,,,,,Staff,Juggling,Ball Skills,,,,
,,,,,,FALSE,,,,,,,,,,,,,,,,,,,,,
Bouncing Tennis Ball,Object Play,Object Play,Ball Skills,3,2,FALSE,,,,,,,,,,,,,,,Staff,Juggling,Ball Skills,,,,
Throw and Catch Behind the Back,Object Play,Object Play,Ball Skills,3,4,FALSE,,,,,,,,,,,,,,,Staff,Juggling,Ball Skills,,,,
Throw and Catch Tennis Ball,Object Play,Object Play,Ball Skills,3,1,FALSE,,,,,,,,,,,,,,,Staff,Juggling,Ball Skills,,,,
Stand to Sit Bouncing Tennis Ball,Object Play,Object Play,Ball Skills,3,4,FALSE,,,,,,,,,,,,,,,Staff,Juggling,Ball Skills,,,,
Pancake Bouncing Tennis Ball,Object Play,Object Play,Ball Skills,3,5,FALSE,,,,,,,,,,,,,,,Staff,Juggling,Ball Skills,,,,
Hanging Throwing and Catching,Object Play,Object Play,Ball Skills,3,6,FALSE,,,,,,,,,,,,,,,Staff,Juggling,Ball Skills,,,,
Hacky Sack,Object Play,Object Play,Ball Skills,3,4,FALSE,,,,,,,,,,,,,,,Staff,Juggling,Ball Skills,,,,
,,,,,,FALSE,,,,,,,,,,,,,,,,,,,,,
Stick Dislocate,Mobility,Shoulder & Thoracic Mobility,Shoulder Rotation,3,2,FALSE,,,,,,,,,,,,,,,Scapular Control,Shoulder Rotation,Chest & Thoracic Opening,Lat & Side Body,,,
Stick Overhead Side Flexion,Mobility,Shoulder & Thoracic Mobility,Lat & Side Body,3,2,FALSE,,,,,,,,,,,,,,,Scapular Control,Shoulder Rotation,Chest & Thoracic Opening,Lat & Side Body,,,
Stick Twist,Mobility,Shoulder & Thoracic Mobility,Shoulder Rotation,3,2,FALSE,,,,,,,,,,,,,,,Scapular Control,Shoulder Rotation,Chest & Thoracic Opening,Lat & Side Body,,,
Stick Circles,Mobility,Shoulder & Thoracic Mobility,Shoulder Rotation,3,2,FALSE,,,,,,,,,,,,,,,Scapular Control,Shoulder Rotation,Chest & Thoracic Opening,Lat & Side Body,,,
Stick Side Flexion,Mobility,Shoulder & Thoracic Mobility,Lat & Side Body,3,2,FALSE,,,,,,,,,,,,,,,Scapular Control,Shoulder Rotation,Chest & Thoracic Opening,Lat & Side Body,,,
Stick External Rotation,Mobility,Shoulder & Thoracic Mobility,Shoulder Rotation,3,3,FALSE,,,,,,,,,,,,,,,Scapular Control,Shoulder Rotation,Chest & Thoracic Opening,Lat & Side Body,,,
Stick Kneeling Thoracic Rotation,Mobility,Shoulder & Thoracic Mobility,Chest & Thoracic Opening,3,2,FALSE,,,,,,,,,,,,,,,Scapular Control,Shoulder Rotation,Chest & Thoracic Opening,Lat & Side Body,,,
Stick Shoulder Opener,Mobility,Shoulder & Thoracic Mobility,Chest & Thoracic Opening,3,2,FALSE,,,,,,,,,,,,,,,Scapular Control,Shoulder Rotation,Chest & Thoracic Opening,Lat & Side Body,,,
Stick Flow to Cossack,Mobility,Shoulder & Thoracic Mobility,Shoulder Rotation,3,4,FALSE,,,,,,,,,,,,,,,Scapular Control,Shoulder Rotation,Chest & Thoracic Opening,Lat & Side Body,,,
,,,,,,FALSE,,,,,,,,,,,,,,,,,,,,,
Banded Circles,Mobility,Shoulder & Thoracic Mobility,Shoulder Rotation,2,2,FALSE,,,,,,Prehab,,,,,,,,,Scapular Control,Shoulder Rotation,Chest & Thoracic Opening,Lat & Side Body,,,
Banded Pull Apart,Mobility,Shoulder & Thoracic Mobility,Scapular Control,2,1,FALSE,,,,,,Prehab,,,,,,,,,Scapular Control,Shoulder Rotation,Chest & Thoracic Opening,Lat & Side Body,,,
Behind the Back Supinated Raise,Mobility,Shoulder & Thoracic Mobility,Scapular Control,2,3,FALSE,,,,,,Prehab,,,,,,,,,Scapular Control,Shoulder Rotation,Chest & Thoracic Opening,Lat & Side Body,,,
Banded Frontal Raise,Mobility,Shoulder & Thoracic Mobility,Scapular Control,2,2,FALSE,,,,,,Prehab,,,,,,,,,Scapular Control,Shoulder Rotation,Chest & Thoracic Opening,Lat & Side Body,,,
Banded Lateral Raise,Mobility,Shoulder & Thoracic Mobility,Scapular Control,2,2,FALSE,,,,,,Prehab,,,,,,,,,Scapular Control,Shoulder Rotation,Chest & Thoracic Opening,Lat & Side Body,,,
Banded Dislocate,Mobility,Shoulder & Thoracic Mobility,Shoulder Rotation,2,2,FALSE,,,,,,Prehab,,,,,,,,,Scapular Control,Shoulder Rotation,Chest & Thoracic Opening,Lat & Side Body,,,
Banded Overhead Pull Apart,Mobility,Shoulder & Thoracic Mobility,Scapular Control,2,3,FALSE,,,,,,Prehab,,,,,,,,,Scapular Control,Shoulder Rotation,Chest & Thoracic Opening,Lat & Side Body,,,
Banded Facepull,Mobility,Shoulder & Thoracic Mobility,Scapular Control,2,2,FALSE,,,,,,Prehab,,,,,,,,,Scapular Control,Shoulder Rotation,Chest & Thoracic Opening,Lat & Side Body,,,
Banded External Rotation Pull Apart,Mobility,Shoulder & Thoracic Mobility,Shoulder Rotation,2,3,FALSE,,,,,,Prehab,,,,,,,,,Scapular Control,Shoulder Rotation,Chest & Thoracic Opening,Lat & Side Body,,,
Banded External Rotation - Single Arm,Mobility,Shoulder & Thoracic Mobility,Shoulder Rotation,2,3,FALSE,,,,,,Prehab,,,,,,,,,Scapular Control,Shoulder Rotation,Chest & Thoracic Opening,Lat & Side Body,,,
Banded Internal Rotation - Single Arm,Mobility,Shoulder & Thoracic Mobility,Shoulder Rotation,2,3,FALSE,,,,,,Prehab,,,,,,,,,Scapular Control,Shoulder Rotation,Chest & Thoracic Opening,Lat & Side Body,,,
Banded Thoracic Rotations,Mobility,Shoulder & Thoracic Mobility,Chest & Thoracic Opening,2,2,FALSE,,,,,,Prehab,,,,,,,,,Scapular Control,Shoulder Rotation,Chest & Thoracic Opening,Lat & Side Body,,,
Banded Lower Trap Pull,Mobility,Shoulder & Thoracic Mobility,Scapular Control,2,3,FALSE,,,,,,Prehab,,,,,,,,,Scapular Control,Shoulder Rotation,Chest & Thoracic Opening,Lat & Side Body,,,
Banded Shoulder Routine,Mobility,Shoulder & Thoracic Mobility,Scapular Control,2,3,FALSE,,,,,,Prehab,,,,,,,,,Scapular Control,Shoulder Rotation,Chest & Thoracic Opening,Lat & Side Body,,,
Banded Row,Mobility,Shoulder & Thoracic Mobility,Scapular Control,2,1,FALSE,,,,,,Prehab,,,,,,,,,Scapular Control,Shoulder Rotation,Chest & Thoracic Opening,Lat & Side Body,,,
Banded Straight Arm Pull Down,Mobility,Shoulder & Thoracic Mobility,Scapular Control,2,2,FALSE,,,,,,Prehab,,,,,,,,,Scapular Control,Shoulder Rotation,Chest & Thoracic Opening,Lat & Side Body,,,
Banded Chin Pull Down,Mobility,Shoulder & Thoracic Mobility,Scapular Control,2,2,FALSE,,,,,,Prehab,,,,,,,,,Scapular Control,Shoulder Rotation,Chest & Thoracic Opening,Lat & Side Body,,,
Bicep Curl - Banded,Strength & Capacity,Pressing Strength,Arms & Accessory,2,1,FALSE,,,,,,Prehab,,,,,,,,,Horizontal Press,Dip Press,Vertical Press,Bent-Arm to Straight-Arm Press,Arms & Accessory,,
Tricep Extension - Banded,Strength & Capacity,Pressing Strength,Arms & Accessory,2,1,FALSE,,,,,,Prehab,,,,,,,,,Horizontal Press,Dip Press,Vertical Press,Bent-Arm to Straight-Arm Press,Arms & Accessory,,
,,,,,,FALSE,,,,,,,,,,,,,,,,,,,,,
Elephant Walk,Mobility,Hip & Leg Mobility,Front Split Line,2,2,FALSE,,,,,,,,,,,,,,,Front Split Line,Middle Split Line,Hip Rotation,Squat Position,,,
Elephant Walk - Slant Board,Mobility,Hip & Leg Mobility,Front Split Line,2,3,FALSE,,,,,Elephant Walk,,,,,,,,,,Front Split Line,Middle Split Line,Hip Rotation,Squat Position,,,
Jefferson Curl,Strength & Capacity,Loaded Lower Body Strength,Hip Hinge,2,5,FALSE,,,,,,,,,,,,,,,Bilateral Squat,Single-Leg Squat & Lunge,Lateral / Mobility Squat,Hip Hinge,Posterior Chain (knee),Anterior Chain (knee),Calf & Ankle
Jefferson Curl - Wide Leg,Strength & Capacity,Loaded Lower Body Strength,Hip Hinge,2,6,FALSE,,,,,Jefferson Curl,,,,,,,,,,Bilateral Squat,Single-Leg Squat & Lunge,Lateral / Mobility Squat,Hip Hinge,Posterior Chain (knee),Anterior Chain (knee),Calf & Ankle
Jefferson Curl - To Squat,Strength & Capacity,Loaded Lower Body Strength,Hip Hinge,2,6,FALSE,,,,,Jefferson Curl,,,,,,,,,,Bilateral Squat,Single-Leg Squat & Lunge,Lateral / Mobility Squat,Hip Hinge,Posterior Chain (knee),Anterior Chain (knee),Calf & Ankle
Leg Swings - Front,Mobility,Hip & Leg Mobility,Front Split Line,2,1,FALSE,,,,,,,,,,,,,,,Front Split Line,Middle Split Line,Hip Rotation,Squat Position,,,
Leg Swings - Side,Mobility,Hip & Leg Mobility,Middle Split Line,2,1,FALSE,,,,,,,,,,,,,,,Front Split Line,Middle Split Line,Hip Rotation,Squat Position,,,
Leg Swings - Back,Mobility,Hip & Leg Mobility,Front Split Line,3,2,FALSE,,,,,,,,,,,,,,,Front Split Line,Middle Split Line,Hip Rotation,Squat Position,,,
,,,,,,FALSE,,,,,,,,,,,,,,,,,,,,,
Good Morning,Strength & Capacity,Loaded Lower Body Strength,Hip Hinge,2,3,FALSE,,,,,,,,,,,,,,,Bilateral Squat,Single-Leg Squat & Lunge,Lateral / Mobility Squat,Hip Hinge,Posterior Chain (knee),Anterior Chain (knee),Calf & Ankle
Good Morning - Single Leg,Strength & Capacity,Loaded Lower Body Strength,Hip Hinge,2,5,FALSE,,,,,Good Morning,,,,,,,,,,Bilateral Squat,Single-Leg Squat & Lunge,Lateral / Mobility Squat,Hip Hinge,Posterior Chain (knee),Anterior Chain (knee),Calf & Ankle
Good Morning - Wide Leg,Strength & Capacity,Loaded Lower Body Strength,Hip Hinge,2,4,FALSE,,,,,Good Morning,,,,,,,,,,Bilateral Squat,Single-Leg Squat & Lunge,Lateral / Mobility Squat,Hip Hinge,Posterior Chain (knee),Anterior Chain (knee),Calf & Ankle
RDL,Strength & Capacity,Loaded Lower Body Strength,Hip Hinge,2,3,FALSE,,,,,,,,,,,,,,,Bilateral Squat,Single-Leg Squat & Lunge,Lateral / Mobility Squat,Hip Hinge,Posterior Chain (knee),Anterior Chain (knee),Calf & Ankle
Forward Fold Pulses,Mobility,Hip & Leg Mobility,Front Split Line,2,1,FALSE,,,,,,,,,,,,,,,Front Split Line,Middle Split Line,Hip Rotation,Squat Position,,,
Partner Forward Fold,Mobility,Hip & Leg Mobility,Front Split Line,2,3,FALSE,,,,,,,,,,,,,,,Front Split Line,Middle Split Line,Hip Rotation,Squat Position,,,
Partner Hamstring Stretch,Mobility,Hip & Leg Mobility,Front Split Line,2,3,FALSE,,,,,,,,,,,,,,,Front Split Line,Middle Split Line,Hip Rotation,Squat Position,,,
Partner Leg Lift - Front,Mobility,Hip & Leg Mobility,Front Split Line,2,4,FALSE,,,,,,,,,,,,,,,Front Split Line,Middle Split Line,Hip Rotation,Squat Position,,,
Partner Leg Lift - Side,Mobility,Hip & Leg Mobility,Middle Split Line,2,4,FALSE,,,,,,,,,,,,,,,Front Split Line,Middle Split Line,Hip Rotation,Squat Position,,,
Hinge Pick Ups,Strength & Capacity,Loaded Lower Body Strength,Hip Hinge,2,2,FALSE,,,,,,,,,,,,,,,Bilateral Squat,Single-Leg Squat & Lunge,Lateral / Mobility Squat,Hip Hinge,Posterior Chain (knee),Anterior Chain (knee),Calf & Ankle
Partner Hip Compression,Mobility,Hip & Leg Mobility,Front Split Line,3,5,FALSE,,,,,,,,,,,,,,,Front Split Line,Middle Split Line,Hip Rotation,Squat Position,,,
,,,,,,FALSE,,,,,,,,,,,,,,,,,,,,,
Couch Stretch,Mobility,Hip & Leg Mobility,Front Split Line,1,3,FALSE,,,,,,,,,,,,,,,Front Split Line,Middle Split Line,Hip Rotation,Squat Position,,,
Couch Stretch - Super,Mobility,Hip & Leg Mobility,Front Split Line,3,5,FALSE,,,,,Couch Stretch,,,,,,,,,,Front Split Line,Middle Split Line,Hip Rotation,Squat Position,,,
Couch Stretch - Arching,Mobility,Hip & Leg Mobility,Front Split Line,3,6,FALSE,,,,,Couch Stretch,,,,,,,,,,Front Split Line,Middle Split Line,Hip Rotation,Squat Position,,,
Heavy Hip Flexor Stretch,Mobility,Hip & Leg Mobility,Front Split Line,3,6,FALSE,,,,,,,,,,,,,,,Front Split Line,Middle Split Line,Hip Rotation,Squat Position,,,
Long Lunge - Hold,Mobility,Hip & Leg Mobility,Front Split Line,3,3,FALSE,,,,,,,,,,,,,,,Front Split Line,Middle Split Line,Hip Rotation,Squat Position,,,
Long Lunge - Pulses,Mobility,Hip & Leg Mobility,Front Split Line,3,4,FALSE,,,,,Long Lunge - Hold,,,,,,,,,,Front Split Line,Middle Split Line,Hip Rotation,Squat Position,,,
Long Lunge - Contract and Relax,Mobility,Hip & Leg Mobility,Front Split Line,3,5,FALSE,,,,,Long Lunge - Hold,,,,,,,,,,Front Split Line,Middle Split Line,Hip Rotation,Squat Position,,,
Front Splits,Mobility,Hip & Leg Mobility,Front Split Line,1,8,TRUE,,,,,,,Default Front Splits is passive.,,,,,,,,Front Split Line,Middle Split Line,Hip Rotation,Squat Position,,,
Front Splits - Active,Mobility,Hip & Leg Mobility,Front Split Line,1,9,FALSE,,,,,Front Splits,,,,,,,,,,Front Split Line,Middle Split Line,Hip Rotation,Squat Position,,,
Front Splits - Sliders,Mobility,Hip & Leg Mobility,Front Split Line,1,6,FALSE,,,,,Front Splits,,,,,,,,,,Front Split Line,Middle Split Line,Hip Rotation,Squat Position,,,
Front Splits - Knee Lift Contract and Relax,Mobility,Hip & Leg Mobility,Front Split Line,1,7,FALSE,,,,,Front Splits,,,,,,,,,,Front Split Line,Middle Split Line,Hip Rotation,Squat Position,,,
Front Splits - Over,Mobility,Hip & Leg Mobility,Front Split Line,3,10,FALSE,,,,,,,,,,,,,,,Front Split Line,Middle Split Line,Hip Rotation,Squat Position,,,
Dancers Pose,Mobility,Hip & Leg Mobility,Front Split Line,3,5,FALSE,,,,,,,,,,,,,,,Front Split Line,Middle Split Line,Hip Rotation,Squat Position,,,
Kneeling Runners Stretch,Mobility,Hip & Leg Mobility,Front Split Line,3,2,FALSE,,,,,,,Kneeling in a lunge then twist back and grab rear foot and lift it to enter quad/hip flexor stretch,,,,,,,,Front Split Line,Middle Split Line,Hip Rotation,Squat Position,,,
Thomas Stretch,Mobility,Hip & Leg Mobility,Front Split Line,3,3,FALSE,,,,,,,Like the thomas test in massage,,,,,,,,Front Split Line,Middle Split Line,Hip Rotation,Squat Position,,,
Diagonal Stretch,Mobility,Hip & Leg Mobility,Middle Split Line,2,3,FALSE,,,,,,,,,,,,,,,Front Split Line,Middle Split Line,Hip Rotation,Squat Position,,,
Couch Stretch - Twisted,Mobility,Hip & Leg Mobility,Front Split Line,3,5,FALSE,,,,,,,,,,,,,,,Front Split Line,Middle Split Line,Hip Rotation,Squat Position,,,
Leg Lifts - Straddle,Mobility,Hip & Leg Mobility,Middle Split Line,3,4,FALSE,,,,,,,,,,,,,,,Front Split Line,Middle Split Line,Hip Rotation,Squat Position,,,
Leg Lifts - Hold,Mobility,Hip & Leg Mobility,Front Split Line,3,4,FALSE,,,,,,,,,,,,,,,Front Split Line,Middle Split Line,Hip Rotation,Squat Position,,,
Leg Lifts - Circle,Mobility,Hip & Leg Mobility,Hip Rotation,3,4,FALSE,,,,,,,,,,,,,,,Front Split Line,Middle Split Line,Hip Rotation,Squat Position,,,
Single Leg Lifts,Mobility,Hip & Leg Mobility,Front Split Line,3,4,FALSE,,,,,,,,,,,,,,,Front Split Line,Middle Split Line,Hip Rotation,Squat Position,,,
Pike Leg Lifts,Mobility,Hip & Leg Mobility,Front Split Line,3,5,FALSE,,,,,,,,,,,,,,,Front Split Line,Middle Split Line,Hip Rotation,Squat Position,,,
,,,,,,FALSE,,,,,,,,,,,,,,,,,,,,,
Butterfly,Mobility,Hip & Leg Mobility,Middle Split Line,2,2,FALSE,,,,,,,Default butterfly is unweighted.,,,,,,,,Front Split Line,Middle Split Line,Hip Rotation,Squat Position,,,
Butterfly - Weighted,Mobility,Hip & Leg Mobility,Middle Split Line,2,4,FALSE,,,,,Butterfly,,,,,,,,,,Front Split Line,Middle Split Line,Hip Rotation,Squat Position,,,
Butterfly - Partner,Mobility,Hip & Leg Mobility,Middle Split Line,2,3,FALSE,,,,,Butterfly,,,,,,,,,,Front Split Line,Middle Split Line,Hip Rotation,Squat Position,,,
Copenhagen,Mobility,Hip & Leg Mobility,Middle Split Line,3,6,FALSE,,,,,,,,,,,,,,,Front Split Line,Middle Split Line,Hip Rotation,Squat Position,,,
90/90,Mobility,Hip & Leg Mobility,Hip Rotation,3,2,FALSE,,,,,,,,,,,,,,,Front Split Line,Middle Split Line,Hip Rotation,Squat Position,,,
Pigeon Stretch,Mobility,Hip & Leg Mobility,Hip Rotation,2,3,FALSE,,,,,,,,,,,,,,,Front Split Line,Middle Split Line,Hip Rotation,Squat Position,,,
Pigeon Stretch - Box,Mobility,Hip & Leg Mobility,Hip Rotation,2,2,FALSE,,,,,Pigeon Stretch,,,,,,,,,,Front Split Line,Middle Split Line,Hip Rotation,Squat Position,,,
Hurdler Stretch,Mobility,Hip & Leg Mobility,Front Split Line,3,3,FALSE,,,,,,,,,,,,,,,Front Split Line,Middle Split Line,Hip Rotation,Squat Position,,,
Horse Stance,Strength & Capacity,Loaded Lower Body Strength,Lateral / Mobility Squat,2,3,FALSE,,,,Hip & Leg Mobility - Middle Split Line,,,,,,,,,,,Bilateral Squat,Single-Leg Squat & Lunge,Lateral / Mobility Squat,Hip Hinge,Posterior Chain (knee),Anterior Chain (knee),Calf & Ankle
Horse Stance - Squats,Strength & Capacity,Loaded Lower Body Strength,Lateral / Mobility Squat,2,4,FALSE,,,,Hip & Leg Mobility - Middle Split Line,Horse Stance,,,,,,,,,,Bilateral Squat,Single-Leg Squat & Lunge,Lateral / Mobility Squat,Hip Hinge,Posterior Chain (knee),Anterior Chain (knee),Calf & Ankle
Pancake,Mobility,Hip & Leg Mobility,Middle Split Line,1,7,TRUE,,,,,,,Default Pancake is passive.,,,,,,,,Front Split Line,Middle Split Line,Hip Rotation,Squat Position,,,
Pancake - Elevated,Mobility,Hip & Leg Mobility,Middle Split Line,1,5,FALSE,,,,,Pancake,,,,,,,,,,Front Split Line,Middle Split Line,Hip Rotation,Squat Position,,,
Pancake - Partner,Mobility,Hip & Leg Mobility,Middle Split Line,1,6,FALSE,,,,,Pancake,,,,,,,,,,Front Split Line,Middle Split Line,Hip Rotation,Squat Position,,,
Pancake - Weighted,Mobility,Hip & Leg Mobility,Middle Split Line,1,7,FALSE,,,,,Pancake,,,,,,,,,,Front Split Line,Middle Split Line,Hip Rotation,Squat Position,,,
Pancake - Dynamic,Mobility,Hip & Leg Mobility,Middle Split Line,1,6,FALSE,,,,,Pancake,,,,,,,,,,Front Split Line,Middle Split Line,Hip Rotation,Squat Position,,,
Side Pancake - Weighted,Mobility,Hip & Leg Mobility,Middle Split Line,3,7,FALSE,,,,,Pancake,,,,,,,,,,Front Split Line,Middle Split Line,Hip Rotation,Squat Position,,,
Frog Stretch,Mobility,Hip & Leg Mobility,Middle Split Line,2,3,FALSE,,,,,,,,,,,,,,,Front Split Line,Middle Split Line,Hip Rotation,Squat Position,,,
Frog - Internal Lifts,Mobility,Hip & Leg Mobility,Middle Split Line,2,5,FALSE,,,,,Frog Stretch ,,,,,,,,,,Front Split Line,Middle Split Line,Hip Rotation,Squat Position,,,
Middle Splits,Mobility,Hip & Leg Mobility,Middle Split Line,1,9,TRUE,,,,,,,Default Middle Split is passive.,,,,,,,,Front Split Line,Middle Split Line,Hip Rotation,Squat Position,,,
Middle Splits - Active,Mobility,Hip & Leg Mobility,Middle Split Line,1,10,FALSE,,,,,Middle Splits,,,,,,,,,,Front Split Line,Middle Split Line,Hip Rotation,Squat Position,,,
Middle Splits - Sliding,Mobility,Hip & Leg Mobility,Middle Split Line,1,7,FALSE,,,,,Middle Splits,,,,,,,,,,Front Split Line,Middle Split Line,Hip Rotation,Squat Position,,,
Middle Splits - Contract and Relax,Mobility,Hip & Leg Mobility,Middle Split Line,1,8,FALSE,,,,,Middle Splits,,,,,,,,,,Front Split Line,Middle Split Line,Hip Rotation,Squat Position,,,
Half Frog - Slides,Mobility,Hip & Leg Mobility,Middle Split Line,3,4,FALSE,,,,,,,,,,,,,,,Front Split Line,Middle Split Line,Hip Rotation,Squat Position,,,
Dragon Lifts,Mobility,Hip & Leg Mobility,Front Split Line,3,6,FALSE,,,,,,,,,,,,,,,Front Split Line,Middle Split Line,Hip Rotation,Squat Position,,,
,,,,,,FALSE,,,,,,,,,,,,,,,,,,,,,
Foam Roller Opener - Dumbbell,Mobility,Shoulder & Thoracic Mobility,Chest & Thoracic Opening,2,3,FALSE,,,,,,,,,,,,,,,Scapular Control,Shoulder Rotation,Chest & Thoracic Opening,Lat & Side Body,,,
Foam Roller Opener - Stall Bars,Mobility,Shoulder & Thoracic Mobility,Chest & Thoracic Opening,2,3,FALSE,,,,,,,,,,,,,,,Scapular Control,Shoulder Rotation,Chest & Thoracic Opening,Lat & Side Body,,,
Lying Chest Stretch,Mobility,Shoulder & Thoracic Mobility,Chest & Thoracic Opening,3,1,FALSE,,,,,,,,,,,,,,,Scapular Control,Shoulder Rotation,Chest & Thoracic Opening,Lat & Side Body,,,
Overhead Partner Push,Mobility,Shoulder & Thoracic Mobility,Chest & Thoracic Opening,3,4,FALSE,,,,,,,,,,,,,,,Scapular Control,Shoulder Rotation,Chest & Thoracic Opening,Lat & Side Body,,,
Standing Chest Stretch,Mobility,Shoulder & Thoracic Mobility,Chest & Thoracic Opening,3,1,FALSE,,,,,,,,,,,,,,,Scapular Control,Shoulder Rotation,Chest & Thoracic Opening,Lat & Side Body,,,
Dumbbell Lower Trap Raise,Mobility,Shoulder & Thoracic Mobility,Scapular Control,3,3,FALSE,,,,,,,,,,,,,,,Scapular Control,Shoulder Rotation,Chest & Thoracic Opening,Lat & Side Body,,,
Cuban Rotation,Mobility,Shoulder & Thoracic Mobility,Shoulder Rotation,3,4,FALSE,,,,,,,,,,,,,,,Scapular Control,Shoulder Rotation,Chest & Thoracic Opening,Lat & Side Body,,,
Dumbbell Internal / External Rotation,Mobility,Shoulder & Thoracic Mobility,Shoulder Rotation,3,3,FALSE,,,,,,,,,,,,,,,Scapular Control,Shoulder Rotation,Chest & Thoracic Opening,Lat & Side Body,,,
Table Top Lifts,Mobility,Shoulder & Thoracic Mobility,Chest & Thoracic Opening,3,4,FALSE,,,,,,,,,,,,,,,Scapular Control,Shoulder Rotation,Chest & Thoracic Opening,Lat & Side Body,,,
Table Top Hold,Mobility,Shoulder & Thoracic Mobility,Chest & Thoracic Opening,3,3,FALSE,,,,,,,,,,,,,,,Scapular Control,Shoulder Rotation,Chest & Thoracic Opening,Lat & Side Body,,,
Dumbbell Flyes,Mobility,Shoulder & Thoracic Mobility,Chest & Thoracic Opening,3,3,FALSE,,,,,,,,,,,,,,,Scapular Control,Shoulder Rotation,Chest & Thoracic Opening,Lat & Side Body,,,
Standing Lat Stretch,Mobility,Shoulder & Thoracic Mobility,Lat & Side Body,3,1,FALSE,,,,,,,,,,,,,,,Scapular Control,Shoulder Rotation,Chest & Thoracic Opening,Lat & Side Body,,,
Squat Lat Stretch,Mobility,Shoulder & Thoracic Mobility,Lat & Side Body,3,3,FALSE,,,,,,,,,,,,,,,Scapular Control,Shoulder Rotation,Chest & Thoracic Opening,Lat & Side Body,,,
Mermaid Stretch,Mobility,Shoulder & Thoracic Mobility,Lat & Side Body,3,3,FALSE,,,,,,,,,,,,,,,Scapular Control,Shoulder Rotation,Chest & Thoracic Opening,Lat & Side Body,,,
Thread the Needle,Mobility,Shoulder & Thoracic Mobility,Chest & Thoracic Opening,3,2,FALSE,,,,,,,,,,,,,,,Scapular Control,Shoulder Rotation,Chest & Thoracic Opening,Lat & Side Body,,,
Bow and Arrow - Partner,Mobility,Shoulder & Thoracic Mobility,Shoulder Rotation,3,3,FALSE,,,,,,,,,,,,,,,Scapular Control,Shoulder Rotation,Chest & Thoracic Opening,Lat & Side Body,,,
,,,,,,FALSE,,,,,,,,,,,,,,,,,,,,,
Cobra Peel,Mobility,Spinal Mobility,Spinal Extension & Bridging,3,1,FALSE,,,,,,,,,,,,,,,Spinal Extension & Bridging,Spinal Waves,,,,,
Standing Arch,Mobility,Spinal Mobility,Spinal Extension & Bridging,3,2,FALSE,,,,,,,,,,,,,,,Spinal Extension & Bridging,Spinal Waves,,,,,
Yoga Wheel Opener,Mobility,Spinal Mobility,Spinal Extension & Bridging,3,2,FALSE,,,,,,,,,,,,,,,Spinal Extension & Bridging,Spinal Waves,,,,,
Thoracic Bridge,Mobility,Spinal Mobility,Spinal Extension & Bridging,3,3,FALSE,,,,,,,,,,,,,,,Spinal Extension & Bridging,Spinal Waves,,,,,
Bridge,Mobility,Spinal Mobility,Spinal Extension & Bridging,3,4,TRUE,,,,,,,,,,,,,,,Spinal Extension & Bridging,Spinal Waves,,,,,
Bridge Pulses,Mobility,Spinal Mobility,Spinal Extension & Bridging,3,4,FALSE,,,,,Bridge,,,,,,,,,,Spinal Extension & Bridging,Spinal Waves,,,,,
Arching Around the Stick,Mobility,Spinal Mobility,Spinal Extension & Bridging,3,3,FALSE,,,,,,,,,,,,,,,Spinal Extension & Bridging,Spinal Waves,,,,,
Puppy Pose,Mobility,Spinal Mobility,Spinal Extension & Bridging,3,1,FALSE,,,,,,,,,,,,,,,Spinal Extension & Bridging,Spinal Waves,,,,,
Reach Back,Mobility,Spinal Mobility,Spinal Extension & Bridging,3,2,FALSE,,,,,,,,,,,,,,,Spinal Extension & Bridging,Spinal Waves,,,,,
Touch Downs,Mobility,Spinal Mobility,Spinal Extension & Bridging,3,2,FALSE,,,,,,,,,,,,,,,Spinal Extension & Bridging,Spinal Waves,,,,,
,,,,,,FALSE,,,,,,,,,,,,,,,,,,,,,
Planche - Full,Strength & Capacity,Straight Arm Strength,Planche Line,2,10,TRUE,,,,,,,,,,,,,,,Front Lever Line,Back Lever Line,Planche Line,Side Lever Line,Straight Arm Rotation,,
Planche - Tuck,Strength & Capacity,Straight Arm Strength,Planche Line,3,6,FALSE,,,,,,,,,,,,,,,Front Lever Line,Back Lever Line,Planche Line,Side Lever Line,Straight Arm Rotation,,
Planche - Banded,Strength & Capacity,Straight Arm Strength,Planche Line,3,5,FALSE,,,,,,,,,,,,,,,Front Lever Line,Back Lever Line,Planche Line,Side Lever Line,Straight Arm Rotation,,
Planche Push Up,Strength & Capacity,Straight Arm Strength,Planche Line,3,10,FALSE,,,,,,,,,,,,,,,Front Lever Line,Back Lever Line,Planche Line,Side Lever Line,Straight Arm Rotation,,
Planche - Sliders,Strength & Capacity,Straight Arm Strength,Planche Line,3,6,FALSE,,,,,,,,,,,,,,,Front Lever Line,Back Lever Line,Planche Line,Side Lever Line,Straight Arm Rotation,,
Planche - Walks,Strength & Capacity,Straight Arm Strength,Planche Line,3,7,FALSE,,,,,,,,,,,,,,,Front Lever Line,Back Lever Line,Planche Line,Side Lever Line,Straight Arm Rotation,,
Planche - Straddle,Strength & Capacity,Straight Arm Strength,Planche Line,3,8,FALSE,,,,,,,,,,,,,,,Front Lever Line,Back Lever Line,Planche Line,Side Lever Line,Straight Arm Rotation,,
Planche - Advanced Tuck,Strength & Capacity,Straight Arm Strength,Planche Line,3,7,FALSE,,,,,,,,,,,,,,,Front Lever Line,Back Lever Line,Planche Line,Side Lever Line,Straight Arm Rotation,,
Planche - Lean,Strength & Capacity,Straight Arm Strength,Planche Line,3,4,FALSE,,,,,,,,,,,,,,,Front Lever Line,Back Lever Line,Planche Line,Side Lever Line,Straight Arm Rotation,,
,,,,,,FALSE,,,,,,,,,,,,,,,,,,,,,
Kettlebell Swing,Strength & Capacity,Loaded Lower Body Strength,Hip Hinge,3,4,FALSE,,,,,,,,,,,,,,,Bilateral Squat,Single-Leg Squat & Lunge,Lateral / Mobility Squat,Hip Hinge,Posterior Chain (knee),Anterior Chain (knee),Calf & Ankle
Kettlebell Swing - Squat,Strength & Capacity,Loaded Lower Body Strength,Hip Hinge,3,4,FALSE,,,,,Kettlebell Swing,,,,,,,,,,Bilateral Squat,Single-Leg Squat & Lunge,Lateral / Mobility Squat,Hip Hinge,Posterior Chain (knee),Anterior Chain (knee),Calf & Ankle
Kettlebell Swing - Single Arm,Strength & Capacity,Loaded Lower Body Strength,Hip Hinge,3,5,FALSE,,,,,Kettlebell Swing,,,,,,,,,,Bilateral Squat,Single-Leg Squat & Lunge,Lateral / Mobility Squat,Hip Hinge,Posterior Chain (knee),Anterior Chain (knee),Calf & Ankle
Kettlebell Thruster,Strength & Capacity,Loaded Lower Body Strength,Bilateral Squat,3,5,FALSE,,,,Pressing Strength - Vertical Press,,,,,,,,,,,Bilateral Squat,Single-Leg Squat & Lunge,Lateral / Mobility Squat,Hip Hinge,Posterior Chain (knee),Anterior Chain (knee),Calf & Ankle
Kettlebell Halo,Strength & Capacity,Core & Midline,Rotational & Loaded Core,3,2,FALSE,,,,,,,,,,,,,,,Hanging Core & Compression,Rotational & Loaded Core,Supine & Floor Core,,,,
Kettlebell Around the World,Strength & Capacity,Core & Midline,Rotational & Loaded Core,3,3,FALSE,,,,,,,,,,,,,,,Hanging Core & Compression,Rotational & Loaded Core,Supine & Floor Core,,,,
Kettlebell Around the World to Lunge,Strength & Capacity,Core & Midline,Rotational & Loaded Core,3,5,FALSE,,,,,,,,,,,,,,,Hanging Core & Compression,Rotational & Loaded Core,Supine & Floor Core,,,,
Kettlebell Wood Chop,Strength & Capacity,Core & Midline,Rotational & Loaded Core,3,3,FALSE,,,,,,,,,,,,,,,Hanging Core & Compression,Rotational & Loaded Core,Supine & Floor Core,,,,
Kettlebell Walking Lunge,Strength & Capacity,Loaded Lower Body Strength,Single-Leg Squat & Lunge,3,4,FALSE,,,,,,,,,,,,,,,Bilateral Squat,Single-Leg Squat & Lunge,Lateral / Mobility Squat,Hip Hinge,Posterior Chain (knee),Anterior Chain (knee),Calf & Ankle
Kettlebell Deadlift,Strength & Capacity,Loaded Lower Body Strength,Hip Hinge,3,3,FALSE,,,,,,,,,,,,,,,Bilateral Squat,Single-Leg Squat & Lunge,Lateral / Mobility Squat,Hip Hinge,Posterior Chain (knee),Anterior Chain (knee),Calf & Ankle
Kettlebell Goblet Squat,Strength & Capacity,Loaded Lower Body Strength,Bilateral Squat,3,3,FALSE,,,,,,,,,,,,,,,Bilateral Squat,Single-Leg Squat & Lunge,Lateral / Mobility Squat,Hip Hinge,Posterior Chain (knee),Anterior Chain (knee),Calf & Ankle
Kettlebell Clean,Strength & Capacity,Loaded Lower Body Strength,Hip Hinge,3,5,FALSE,,,,,,,,,,,,,,,Bilateral Squat,Single-Leg Squat & Lunge,Lateral / Mobility Squat,Hip Hinge,Posterior Chain (knee),Anterior Chain (knee),Calf & Ankle
Kettlebell Halo to Cossack Squat,Strength & Capacity,Loaded Lower Body Strength,Lateral / Mobility Squat,3,5,FALSE,,,,,,,,,,,,,,,Bilateral Squat,Single-Leg Squat & Lunge,Lateral / Mobility Squat,Hip Hinge,Posterior Chain (knee),Anterior Chain (knee),Calf & Ankle
Kettlebell Overhead Press,Strength & Capacity,Pressing Strength,Vertical Press,3,3,FALSE,,,,,,,,,,,,,,,Horizontal Press,Dip Press,Vertical Press,Bent-Arm to Straight-Arm Press,Arms & Accessory,,
Kettlebell Turkish Get Up,Strength & Capacity,Core & Midline,Rotational & Loaded Core,3,7,FALSE,,,,,,,,,,,,,,,Hanging Core & Compression,Rotational & Loaded Core,Supine & Floor Core,,,,
Kettlebell Farmers Carry,Strength & Capacity,Loaded Lower Body Strength,Single-Leg Squat & Lunge,3,4,FALSE,,,,,,,,,,,,,,,Bilateral Squat,Single-Leg Squat & Lunge,Lateral / Mobility Squat,Hip Hinge,Posterior Chain (knee),Anterior Chain (knee),Calf & Ankle
Kettlebell Windmill,Strength & Capacity,Core & Midline,Rotational & Loaded Core,3,6,FALSE,,,,,,,,,,,,,,,Hanging Core & Compression,Rotational & Loaded Core,Supine & Floor Core,,,,
Kettlebell Curl,Strength & Capacity,Pressing Strength,Arms & Accessory,3,2,FALSE,,,,,,,,,,,,,,,Horizontal Press,Dip Press,Vertical Press,Bent-Arm to Straight-Arm Press,Arms & Accessory,,
Kettlebell Russian Twist,Strength & Capacity,Core & Midline,Rotational & Loaded Core,3,3,FALSE,,,,,,,,,,,,,,,Hanging Core & Compression,Rotational & Loaded Core,Supine & Floor Core,,,,
Kettlebell Drag,Strength & Capacity,Core & Midline,Rotational & Loaded Core,3,4,FALSE,,,,,,,,,,,,,,,Hanging Core & Compression,Rotational & Loaded Core,Supine & Floor Core,,,,
Kettlebell Side Bend,Strength & Capacity,Core & Midline,Rotational & Loaded Core,3,2,FALSE,,,,,,,,,,,,,,,Hanging Core & Compression,Rotational & Loaded Core,Supine & Floor Core,,,,
Kettlebell Skull Crusher,Strength & Capacity,Pressing Strength,Arms & Accessory,3,3,FALSE,,,,,,,,,,,,,,,Horizontal Press,Dip Press,Vertical Press,Bent-Arm to Straight-Arm Press,Arms & Accessory,,
,,,,,,FALSE,,,,,,,,,,,,,,,,,,,,,
Sumo Deadlift,Strength & Capacity,Loaded Lower Body Strength,Hip Hinge,3,4,FALSE,,,,,,,,,,,,,,,Bilateral Squat,Single-Leg Squat & Lunge,Lateral / Mobility Squat,Hip Hinge,Posterior Chain (knee),Anterior Chain (knee),Calf & Ankle
Walking Lunge - Weighted,Strength & Capacity,Loaded Lower Body Strength,Single-Leg Squat & Lunge,3,4,FALSE,,,,,,,,,,,,,,,Bilateral Squat,Single-Leg Squat & Lunge,Lateral / Mobility Squat,Hip Hinge,Posterior Chain (knee),Anterior Chain (knee),Calf & Ankle
Split Squat,Strength & Capacity,Loaded Lower Body Strength,Single-Leg Squat & Lunge,3,3,FALSE,,,,,,,,,,,,,,,Bilateral Squat,Single-Leg Squat & Lunge,Lateral / Mobility Squat,Hip Hinge,Posterior Chain (knee),Anterior Chain (knee),Calf & Ankle
Split Squat - Elevated Front Foot,Strength & Capacity,Loaded Lower Body Strength,Single-Leg Squat & Lunge,3,4,FALSE,,,,,,,,,,,,,,,Bilateral Squat,Single-Leg Squat & Lunge,Lateral / Mobility Squat,Hip Hinge,Posterior Chain (knee),Anterior Chain (knee),Calf & Ankle
Split Squat - Elevated Back Foot,Strength & Capacity,Loaded Lower Body Strength,Single-Leg Squat & Lunge,3,5,FALSE,,,,,,,,,,,,,,,Bilateral Squat,Single-Leg Squat & Lunge,Lateral / Mobility Squat,Hip Hinge,Posterior Chain (knee),Anterior Chain (knee),Calf & Ankle
Front Squat,Strength & Capacity,Loaded Lower Body Strength,Bilateral Squat,3,4,FALSE,,,,,,,,,,,,,,,Bilateral Squat,Single-Leg Squat & Lunge,Lateral / Mobility Squat,Hip Hinge,Posterior Chain (knee),Anterior Chain (knee),Calf & Ankle
Back Squat,Strength & Capacity,Loaded Lower Body Strength,Bilateral Squat,3,4,FALSE,,,,,,,,,,,,,,,Bilateral Squat,Single-Leg Squat & Lunge,Lateral / Mobility Squat,Hip Hinge,Posterior Chain (knee),Anterior Chain (knee),Calf & Ankle
Glute Bridge,Strength & Capacity,Loaded Lower Body Strength,Hip Hinge,3,1,FALSE,,,,,,,,,,,,,,,Bilateral Squat,Single-Leg Squat & Lunge,Lateral / Mobility Squat,Hip Hinge,Posterior Chain (knee),Anterior Chain (knee),Calf & Ankle
Sissy Reach Back,Strength & Capacity,Loaded Lower Body Strength,Anterior Chain (knee),3,3,FALSE,,,,,,,,,,,,,,,Bilateral Squat,Single-Leg Squat & Lunge,Lateral / Mobility Squat,Hip Hinge,Posterior Chain (knee),Anterior Chain (knee),Calf & Ankle
Crouch Stance Shifts,Strength & Capacity,Loaded Lower Body Strength,Lateral / Mobility Squat,3,2,FALSE,,,,,,,,,,,,,,,Bilateral Squat,Single-Leg Squat & Lunge,Lateral / Mobility Squat,Hip Hinge,Posterior Chain (knee),Anterior Chain (knee),Calf & Ankle
Crouch Stance Squat,Strength & Capacity,Loaded Lower Body Strength,Lateral / Mobility Squat,3,3,FALSE,,,,,,,,,,,,,,,Bilateral Squat,Single-Leg Squat & Lunge,Lateral / Mobility Squat,Hip Hinge,Posterior Chain (knee),Anterior Chain (knee),Calf & Ankle
Glute Sliders,Strength & Capacity,Loaded Lower Body Strength,Hip Hinge,3,3,FALSE,,,,,,,,,,,,,,,Bilateral Squat,Single-Leg Squat & Lunge,Lateral / Mobility Squat,Hip Hinge,Posterior Chain (knee),Anterior Chain (knee),Calf & Ankle
CSD,Strength & Capacity,Loaded Lower Body Strength,Single-Leg Squat & Lunge,3,5,FALSE,,,,Loaded Lower Body Strength - Lateral / Mobility Squat,,,,,,,,,,,Bilateral Squat,Single-Leg Squat & Lunge,Lateral / Mobility Squat,Hip Hinge,Posterior Chain (knee),Anterior Chain (knee),Calf & Ankle
Cossack Squat,Strength & Capacity,Loaded Lower Body Strength,Lateral / Mobility Squat,2,5,TRUE,,,,Hip & Leg Mobility - Middle Split Line,,,,,,,,,,,Bilateral Squat,Single-Leg Squat & Lunge,Lateral / Mobility Squat,Hip Hinge,Posterior Chain (knee),Anterior Chain (knee),Calf & Ankle
Cossack Squat - Squat Leg Elevated,Strength & Capacity,Loaded Lower Body Strength,Lateral / Mobility Squat,3,6,FALSE,,,,Hip & Leg Mobility - Middle Split Line,Cossack Squat,,,,,,,,,,Bilateral Squat,Single-Leg Squat & Lunge,Lateral / Mobility Squat,Hip Hinge,Posterior Chain (knee),Anterior Chain (knee),Calf & Ankle
Cossack Squat - Straight Leg Elevated,Strength & Capacity,Loaded Lower Body Strength,Lateral / Mobility Squat,3,7,FALSE,,,,Hip & Leg Mobility - Middle Split Line,Cossack Squat,,,,,,,,,,Bilateral Squat,Single-Leg Squat & Lunge,Lateral / Mobility Squat,Hip Hinge,Posterior Chain (knee),Anterior Chain (knee),Calf & Ankle
Cossack Squat - Shifts,Strength & Capacity,Loaded Lower Body Strength,Lateral / Mobility Squat,3,4,FALSE,,,,Hip & Leg Mobility - Middle Split Line,Cossack Squat,,,,,,,,,,Bilateral Squat,Single-Leg Squat & Lunge,Lateral / Mobility Squat,Hip Hinge,Posterior Chain (knee),Anterior Chain (knee),Calf & Ankle
Sissy Squat,Strength & Capacity,Loaded Lower Body Strength,Anterior Chain (knee),3,6,FALSE,,,,,,,,,,,,,,,Bilateral Squat,Single-Leg Squat & Lunge,Lateral / Mobility Squat,Hip Hinge,Posterior Chain (knee),Anterior Chain (knee),Calf & Ankle
Lunge,Strength & Capacity,Loaded Lower Body Strength,Single-Leg Squat & Lunge,3,2,FALSE,,,,,,,,,,,,,,,Bilateral Squat,Single-Leg Squat & Lunge,Lateral / Mobility Squat,Hip Hinge,Posterior Chain (knee),Anterior Chain (knee),Calf & Ankle
Nordic Curl,Strength & Capacity,Loaded Lower Body Strength,Posterior Chain (knee),3,7,FALSE,,,,,,,,,,,,,,,Bilateral Squat,Single-Leg Squat & Lunge,Lateral / Mobility Squat,Hip Hinge,Posterior Chain (knee),Anterior Chain (knee),Calf & Ankle
Reverse Nordic Curl,Strength & Capacity,Loaded Lower Body Strength,Anterior Chain (knee),3,4,FALSE,,,,,,,,,,,,,,,Bilateral Squat,Single-Leg Squat & Lunge,Lateral / Mobility Squat,Hip Hinge,Posterior Chain (knee),Anterior Chain (knee),Calf & Ankle
Calf Raise,Strength & Capacity,Loaded Lower Body Strength,Calf & Ankle,3,1,FALSE,,,,,,,,,,,,,,,Bilateral Squat,Single-Leg Squat & Lunge,Lateral / Mobility Squat,Hip Hinge,Posterior Chain (knee),Anterior Chain (knee),Calf & Ankle
Calf Raise - KOT,Strength & Capacity,Loaded Lower Body Strength,Calf & Ankle,3,3,FALSE,,,,,,,,,,,,,,,Bilateral Squat,Single-Leg Squat & Lunge,Lateral / Mobility Squat,Hip Hinge,Posterior Chain (knee),Anterior Chain (knee),Calf & Ankle
Calf Raise - Leaning,Strength & Capacity,Loaded Lower Body Strength,Calf & Ankle,3,2,FALSE,,,,,,,,,,,,,,,Bilateral Squat,Single-Leg Squat & Lunge,Lateral / Mobility Squat,Hip Hinge,Posterior Chain (knee),Anterior Chain (knee),Calf & Ankle
Calf Raise - Deficit,Strength & Capacity,Loaded Lower Body Strength,Calf & Ankle,3,3,FALSE,,,,,,,,,,,,,,,Bilateral Squat,Single-Leg Squat & Lunge,Lateral / Mobility Squat,Hip Hinge,Posterior Chain (knee),Anterior Chain (knee),Calf & Ankle
Pistol Squat,Strength & Capacity,Loaded Lower Body Strength,Single-Leg Squat & Lunge,2,7,TRUE,,,,,,,,,,,,,,,Bilateral Squat,Single-Leg Squat & Lunge,Lateral / Mobility Squat,Hip Hinge,Posterior Chain (knee),Anterior Chain (knee),Calf & Ankle
Dragon Squat,Strength & Capacity,Loaded Lower Body Strength,Single-Leg Squat & Lunge,2,8,TRUE,,,,,,,,,,,,,,,Bilateral Squat,Single-Leg Squat & Lunge,Lateral / Mobility Squat,Hip Hinge,Posterior Chain (knee),Anterior Chain (knee),Calf & Ankle
Curtsey Squat,Strength & Capacity,Loaded Lower Body Strength,Single-Leg Squat & Lunge,3,4,FALSE,,,,,,,,,,,,,,,Bilateral Squat,Single-Leg Squat & Lunge,Lateral / Mobility Squat,Hip Hinge,Posterior Chain (knee),Anterior Chain (knee),Calf & Ankle
Jump Squats,Strength & Capacity,Loaded Lower Body Strength,Bilateral Squat,3,4,FALSE,,,,,,,,,,,,,,,Bilateral Squat,Single-Leg Squat & Lunge,Lateral / Mobility Squat,Hip Hinge,Posterior Chain (knee),Anterior Chain (knee),Calf & Ankle
Reverse Lunge,Strength & Capacity,Loaded Lower Body Strength,Single-Leg Squat & Lunge,3,3,FALSE,,,,,,,,,,,,,,,Bilateral Squat,Single-Leg Squat & Lunge,Lateral / Mobility Squat,Hip Hinge,Posterior Chain (knee),Anterior Chain (knee),Calf & Ankle
Hip Thrusters,Strength & Capacity,Loaded Lower Body Strength,Hip Hinge,3,2,FALSE,,,,,,,,,,,,,,,Bilateral Squat,Single-Leg Squat & Lunge,Lateral / Mobility Squat,Hip Hinge,Posterior Chain (knee),Anterior Chain (knee),Calf & Ankle
Glute Bridge - Single Leg,Strength & Capacity,Loaded Lower Body Strength,Hip Hinge,3,3,FALSE,,,,,,,,,,,,,,,Bilateral Squat,Single-Leg Squat & Lunge,Lateral / Mobility Squat,Hip Hinge,Posterior Chain (knee),Anterior Chain (knee),Calf & Ankle
Wall Sit,Strength & Capacity,Loaded Lower Body Strength,Bilateral Squat,3,2,FALSE,,,,,,,,,,,,,,,Bilateral Squat,Single-Leg Squat & Lunge,Lateral / Mobility Squat,Hip Hinge,Posterior Chain (knee),Anterior Chain (knee),Calf & Ankle
Heroes,Strength & Capacity,Loaded Lower Body Strength,Anterior Chain (knee),3,2,FALSE,,,,,,,,,,,,,,,Bilateral Squat,Single-Leg Squat & Lunge,Lateral / Mobility Squat,Hip Hinge,Posterior Chain (knee),Anterior Chain (knee),Calf & Ankle
Sumo Squats,Strength & Capacity,Loaded Lower Body Strength,Bilateral Squat,3,3,FALSE,,,,,,,,,,,,,,,Bilateral Squat,Single-Leg Squat & Lunge,Lateral / Mobility Squat,Hip Hinge,Posterior Chain (knee),Anterior Chain (knee),Calf & Ankle
Shrimp Squats,Strength & Capacity,Loaded Lower Body Strength,Single-Leg Squat & Lunge,3,7,FALSE,,,,,,,,,,,,,,,Bilateral Squat,Single-Leg Squat & Lunge,Lateral / Mobility Squat,Hip Hinge,Posterior Chain (knee),Anterior Chain (knee),Calf & Ankle
Sled Push,Strength & Capacity,Loaded Lower Body Strength,Single-Leg Squat & Lunge,3,4,FALSE,,,,,,,,,,,,,,,Bilateral Squat,Single-Leg Squat & Lunge,Lateral / Mobility Squat,Hip Hinge,Posterior Chain (knee),Anterior Chain (knee),Calf & Ankle
Bulgarian Split Squat,Strength & Capacity,Loaded Lower Body Strength,Single-Leg Squat & Lunge,3,5,FALSE,,,,,,,,,,,,,,,Bilateral Squat,Single-Leg Squat & Lunge,Lateral / Mobility Squat,Hip Hinge,Posterior Chain (knee),Anterior Chain (knee),Calf & Ankle
Single Leg Deadlift,Strength & Capacity,Loaded Lower Body Strength,Hip Hinge,3,5,FALSE,,,,,,,,,,,,,,,Bilateral Squat,Single-Leg Squat & Lunge,Lateral / Mobility Squat,Hip Hinge,Posterior Chain (knee),Anterior Chain (knee),Calf & Ankle
Farmers Carry,Strength & Capacity,Loaded Lower Body Strength,Single-Leg Squat & Lunge,3,3,FALSE,,,,,,,,,,,,,,,Bilateral Squat,Single-Leg Squat & Lunge,Lateral / Mobility Squat,Hip Hinge,Posterior Chain (knee),Anterior Chain (knee),Calf & Ankle
,,,,,,FALSE,,,,,,,,,,,,,,,,,,,,,
Plate Hops,Strength & Capacity,Bounciness & Elastic Power,Vertical Jump,3,2,FALSE,,,,,,,,,,,,,,,Vertical Jump,Horizontal Jump,,,,,
Step Up,Strength & Capacity,Bounciness & Elastic Power,Vertical Jump,3,1,FALSE,,,,,,,,,,,,,,,Vertical Jump,Horizontal Jump,,,,,
Skipping,Strength & Capacity,Bounciness & Elastic Power,Vertical Jump,3,2,FALSE,,,,,,,,,,,,,,,Vertical Jump,Horizontal Jump,,,,,
Double Unders,Strength & Capacity,Bounciness & Elastic Power,Vertical Jump,3,5,FALSE,,,,,,,,,,,,,,,Vertical Jump,Horizontal Jump,,,,,
Depth Jump,Strength & Capacity,Bounciness & Elastic Power,Vertical Jump,3,7,FALSE,,,,,,,,,,,,,,,Vertical Jump,Horizontal Jump,,,,,
Cha Cha,Flocomotion,Rhythm & Flow,Dance / Musical Movement,3,2,FALSE,,,,,,,,,,,,,,,Rhythmic Foundations,Floor Flow,Kicks,Acrobatics,Dance / Musical Movement,,
Box Jump,Strength & Capacity,Bounciness & Elastic Power,Vertical Jump,3,3,TRUE,,,,,,,,,,,,,,,Vertical Jump,Horizontal Jump,,,,,
High Jump,Strength & Capacity,Bounciness & Elastic Power,Vertical Jump,3,5,FALSE,,,,,,,,,,,,,,,Vertical Jump,Horizontal Jump,,,,,
Gather Step Jump,Strength & Capacity,Bounciness & Elastic Power,Horizontal Jump,3,4,FALSE,,,,,,,,,,,,,,,Vertical Jump,Horizontal Jump,,,,,
Running,Flocomotion,Ground Locomotion,Bipedal Forward,3,2,FALSE,,,,,,,,,,,,,,,Quadrupedal Forward,Lateral / Multi-directional,Rolling Locomotion,Bipedal Forward,Vaulting,,
Shuttle Runs,Flocomotion,Ground Locomotion,Bipedal Forward,3,3,FALSE,,,,,,,,,,,,,,,Quadrupedal Forward,Lateral / Multi-directional,Rolling Locomotion,Bipedal Forward,Vaulting,,
Single Leg Box Jump,Strength & Capacity,Bounciness & Elastic Power,Vertical Jump,3,6,FALSE,,,,,,,,,,,,,,,Vertical Jump,Horizontal Jump,,,,,
Rebounds,Strength & Capacity,Bounciness & Elastic Power,Vertical Jump,3,3,FALSE,,,,,,,,,,,,,,,Vertical Jump,Horizontal Jump,,,,,
,,,,,,FALSE,,,,,,,,,,,,,,,,,,,,,
Press to Handstand,Handstands & Balance,Hand Balancing & Inversion,Press Entries,2,9,TRUE,,,,"Hip & Leg Mobility - Front Split Line, Hip & Leg Mobility - Middle Split Line, Hand Balancing & Inversion - Static Inversion",,,,,,,,,,,Bent-Arm Balances,Static Inversion,Shaped Handstands,Press Entries,,,
Press to Handstand - Pike,Handstands & Balance,Hand Balancing & Inversion,Press Entries,2,8,FALSE,,,,"Hip & Leg Mobility - Front Split Line, Hip & Leg Mobility - Middle Split Line, Hand Balancing & Inversion - Static Inversion",Press to Handstand,,,,,,,,,,Bent-Arm Balances,Static Inversion,Shaped Handstands,Press Entries,,,
Press to Handstand - Wall,Handstands & Balance,Hand Balancing & Inversion,Press Entries,2,5,FALSE,,,,"Hip & Leg Mobility - Front Split Line, Hip & Leg Mobility - Middle Split Line",Press to Handstand,,,,,,,,,,Bent-Arm Balances,Static Inversion,Shaped Handstands,Press Entries,,,
Press to Handstand - Negative,Handstands & Balance,Hand Balancing & Inversion,Press Entries,2,6,FALSE,,,,"Hip & Leg Mobility - Front Split Line, Hip & Leg Mobility - Middle Split Line, Hand Balancing & Inversion - Static Inversion",Press to Handstand,,,,,,,,,,Bent-Arm Balances,Static Inversion,Shaped Handstands,Press Entries,,,
Press to Handstand - Box,Handstands & Balance,Hand Balancing & Inversion,Press Entries,2,5,FALSE,,,,"Hip & Leg Mobility - Front Split Line, Hip & Leg Mobility - Middle Split Line, Hand Balancing & Inversion - Static Inversion",Press to Handstand,,,,,,,,,,Bent-Arm Balances,Static Inversion,Shaped Handstands,Press Entries,,,
Press to Handstand - Partial Press,Handstands & Balance,Hand Balancing & Inversion,Press Entries,2,6,FALSE,,,,"Hip & Leg Mobility - Front Split Line, Hip & Leg Mobility - Middle Split Line, Hand Balancing & Inversion - Static Inversion",Press to Handstand,,,,,,,,,,Bent-Arm Balances,Static Inversion,Shaped Handstands,Press Entries,,,
Press to Handstand - Roll,Handstands & Balance,Hand Balancing & Inversion,Press Entries,2,7,FALSE,,,,"Hip & Leg Mobility - Front Split Line, Hip & Leg Mobility - Middle Split Line, Hand Balancing & Inversion - Static Inversion",Press to Handstand,,,,,,,,,,Bent-Arm Balances,Static Inversion,Shaped Handstands,Press Entries,,,
Press to Handstand - Puppy Press,Handstands & Balance,Hand Balancing & Inversion,Press Entries,2,6,FALSE,,,,"Hip & Leg Mobility - Middle Split Line, Hand Balancing & Inversion - Static Inversion",Press to Handstand,,,,,,,,,,Bent-Arm Balances,Static Inversion,Shaped Handstands,Press Entries,,,
Press to Handstand - Walk,Handstands & Balance,Hand Balancing & Inversion,Press Entries,2,8,FALSE,,,,"Hip & Leg Mobility - Front Split Line, Hand Balancing & Inversion - Static Inversion",Press to Handstand,,,,,,,,,,Bent-Arm Balances,Static Inversion,Shaped Handstands,Press Entries,,,
Press to Handstand - Sliders,Handstands & Balance,Hand Balancing & Inversion,Press Entries,2,6,FALSE,,,,Hip & Leg Mobility - Front Split Line,Press to Handstand,,,,,,,,,,Bent-Arm Balances,Static Inversion,Shaped Handstands,Press Entries,,,
Press to Headstand,Handstands & Balance,Hand Balancing & Inversion,Press Entries,2,5,FALSE,,,,Hand Balancing & Inversion - Static Inversion,,,,,,,,,,,Bent-Arm Balances,Static Inversion,Shaped Handstands,Press Entries,,,
Stalder Press,Handstands & Balance,Hand Balancing & Inversion,Press Entries,3,10,TRUE,,,,"Hip & Leg Mobility - Front Split Line, Hip & Leg Mobility - Middle Split Line, Hand Balancing & Inversion - Static Inversion",,,,,,,,,,,Bent-Arm Balances,Static Inversion,Shaped Handstands,Press Entries,,,
Stalder Press - Block,Handstands & Balance,Hand Balancing & Inversion,Press Entries,3,8,FALSE,,,,"Hip & Leg Mobility - Front Split Line, Hip & Leg Mobility - Middle Split Line, Hand Balancing & Inversion - Static Inversion",Stalder Press,,,,,,,,,,Bent-Arm Balances,Static Inversion,Shaped Handstands,Press Entries,,,
Stalder Press - Negative,Handstands & Balance,Hand Balancing & Inversion,Press Entries,3,9,FALSE,,,,"Hip & Leg Mobility - Front Split Line, Hip & Leg Mobility - Middle Split Line, Hand Balancing & Inversion - Static Inversion",Stalder Press,,,,,,,,,,Bent-Arm Balances,Static Inversion,Shaped Handstands,Press Entries,,,
,,,,,,FALSE,,,,,,,,,,,,,,,,,,,,,
Zen Archer,Flocomotion,Partner & Connection,Floor & Flow Games,3,3,FALSE,,,,,,Game,,,,,,,,,Team Work & Connection,Rough Housing,Floor & Flow Games,,,,
Circle Stick Game,Flocomotion,Partner & Connection,Floor & Flow Games,3,2,FALSE,,,,,,Game,,,,,,,,,Team Work & Connection,Rough Housing,Floor & Flow Games,,,,
Drop Stick Game,Flocomotion,Partner & Connection,Floor & Flow Games,3,2,FALSE,,,,,,Game,,,,,,,,,Team Work & Connection,Rough Housing,Floor & Flow Games,,,,
Stick Circle Madness,Object Play,Object Play,Staff,3,3,FALSE,,,,,,Game,,,,,,,,,Staff,Juggling,Ball Skills,,,,
Stick Twister,Flocomotion,Partner & Connection,Floor & Flow Games,3,3,FALSE,,,,,,Game,,,,,,,,,Team Work & Connection,Rough Housing,Floor & Flow Games,,,,
Hanging Zen Archer,Strength & Capacity,Hanging & Pulling,Passive / Active Hang,3,6,FALSE,,,,,,Game,,,,,,,,,Passive / Active Hang,Vertical Pull,Horizontal Pull,Pull-to-Press Transition,Swinging & Brachiation,,
Limbo,Mobility,Spinal Mobility,Spinal Extension & Bridging,3,4,FALSE,,,,,,Game,,,,,,,,,Spinal Extension & Bridging,Spinal Waves,,,,,
Partner Arching Circles Around Stick,Mobility,Spinal Mobility,Spinal Extension & Bridging,3,3,FALSE,,,,,,Game,,,,,,,,,Spinal Extension & Bridging,Spinal Waves,,,,,
Movement Riddles,Flocomotion,Rhythm & Flow,Floor Flow,3,2,FALSE,,,,,,Game,,,,,,,,,Rhythmic Foundations,Floor Flow,Kicks,Acrobatics,Dance / Musical Movement,,
Balancing,Handstands & Balance,Hand Balancing & Inversion,Static Inversion,3,3,FALSE,,,,,,Game,,,,,,,,,Bent-Arm Balances,Static Inversion,Shaped Handstands,Press Entries,,,
Bo-Staff - Spinning,Object Play,Object Play,Staff,3,2,FALSE,,,,,,Game,,,,,,,,,Staff,Juggling,Ball Skills,,,,
Horse Stance - Stick,Strength & Capacity,Loaded Lower Body Strength,Lateral / Mobility Squat,3,3,FALSE,,,,Hip & Leg Mobility - Middle Split Line,,Game,,,,,,,,,Bilateral Squat,Single-Leg Squat & Lunge,Lateral / Mobility Squat,Hip Hinge,Posterior Chain (knee),Anterior Chain (knee),Calf & Ankle
Stuck in the Mud,Flocomotion,Partner & Connection,Team Work & Connection,3,1,FALSE,,,,,,Game,,,,,,,,,Team Work & Connection,Rough Housing,Floor & Flow Games,,,,
Dead Bug Game,Flocomotion,Partner & Connection,Team Work & Connection,3,2,FALSE,,,,,,Game,,,,,,,,,Team Work & Connection,Rough Housing,Floor & Flow Games,,,,
Paper Scissors Rock,Flocomotion,Partner & Connection,Team Work & Connection,3,1,FALSE,,,,,,Game,,,,,,,,,Team Work & Connection,Rough Housing,Floor & Flow Games,,,,
Wheelbarrow Races,Flocomotion,Partner & Connection,Team Work & Connection,3,3,FALSE,,,,Pressing Strength - Horizontal Press,,Game,,,,,,,,,Team Work & Connection,Rough Housing,Floor & Flow Games,,,,
Marry Me,Flocomotion,Partner & Connection,Team Work & Connection,3,2,FALSE,,,,,,Game,,,,,,,,,Team Work & Connection,Rough Housing,Floor & Flow Games,,,,
Partner Carries,Strength & Capacity,Loaded Lower Body Strength,Bilateral Squat,3,4,FALSE,,,,,,Game,,,,,,,,,Bilateral Squat,Single-Leg Squat & Lunge,Lateral / Mobility Squat,Hip Hinge,Posterior Chain (knee),Anterior Chain (knee),Calf & Ankle
Animal Pattern Relay Races,Flocomotion,Ground Locomotion,Quadrupedal Forward,3,3,FALSE,,,,,,Game,,,,,,,,,Quadrupedal Forward,Lateral / Multi-directional,Rolling Locomotion,Bipedal Forward,Vaulting,,
Speed Dating,Flocomotion,Partner & Connection,Team Work & Connection,3,1,FALSE,,,,,,Game,,,,,,,,,Team Work & Connection,Rough Housing,Floor & Flow Games,,,,
Trust Game Eyes Closed,Flocomotion,Partner & Connection,Team Work & Connection,3,2,FALSE,,,,,,Game,,,,,,,,,Team Work & Connection,Rough Housing,Floor & Flow Games,,,,
Soccer Ball Juggling,Object Play,Object Play,Ball Skills,3,4,FALSE,,,,,,Game,,,,,,,,,Staff,Juggling,Ball Skills,,,,
Game of Soccer,Object Play,Object Play,Ball Skills,3,2,FALSE,,,,,,Game,,,,,,,,,Staff,Juggling,Ball Skills,,,,
Throwing and Catching,Object Play,Object Play,Ball Skills,3,1,FALSE,,,,,,Game,,,,,,,,,Staff,Juggling,Ball Skills,,,,
Juggling,Object Play,Object Play,Juggling,3,1,FALSE,,,,,,Game,,,,,,,,,Staff,Juggling,Ball Skills,,,,
Bouncing Elimination,Object Play,Object Play,Ball Skills,3,2,FALSE,,,,,,Game,,,,,,,,,Staff,Juggling,Ball Skills,,,,
Balancing Elimination,Object Play,Object Play,Ball Skills,3,3,FALSE,,,,,,Game,,,,,,,,,Staff,Juggling,Ball Skills,,,,
Bouncing and Shooting Basketball,Object Play,Object Play,Ball Skills,3,3,FALSE,,,,,,Game,,,,,,,,,Staff,Juggling,Ball Skills,,,,
Practice Ball Drills,Object Play,Object Play,Ball Skills,3,2,FALSE,,,,,,Game,,,,,,,,,Staff,Juggling,Ball Skills,,,,
Parallette Balance + Pass the Ball,Object Play,Object Play,Ball Skills,3,6,FALSE,,,,,,Game,,,,,,,,,Staff,Juggling,Ball Skills,,,,
Name Game,Object Play,Object Play,Ball Skills,3,1,FALSE,,,,,,Game,,,,,,,,,Staff,Juggling,Ball Skills,,,,
Head Shoulders Knees Toes Ball,Object Play,Object Play,Ball Skills,3,2,FALSE,,,,,,Game,,,,,,,,,Staff,Juggling,Ball Skills,,,,
Coordinations,Flocomotion,Rhythm & Flow,Dance / Musical Movement,3,2,FALSE,,,,,,Game,,,,,,,,,Rhythmic Foundations,Floor Flow,Kicks,Acrobatics,Dance / Musical Movement,,
Crawling Patterns with Partner,Flocomotion,Ground Locomotion,Quadrupedal Forward,3,3,FALSE,,,,,,Game,,,,,,,,,Quadrupedal Forward,Lateral / Multi-directional,Rolling Locomotion,Bipedal Forward,Vaulting,,
Push Pull and Rolling in All Directions,Flocomotion,Ground Locomotion,Rolling Locomotion,3,2,FALSE,,,,,,Game,,,,,,,,,Quadrupedal Forward,Lateral / Multi-directional,Rolling Locomotion,Bipedal Forward,Vaulting,,
Contact Improv,Flocomotion,Rhythm & Flow,Dance / Musical Movement,3,3,FALSE,,,,,,Game,,,,,,,,,Rhythmic Foundations,Floor Flow,Kicks,Acrobatics,Dance / Musical Movement,,
Stone and Water,Flocomotion,Partner & Connection,Floor & Flow Games,3,2,FALSE,,,,,,Game,,,,,,,,,Team Work & Connection,Rough Housing,Floor & Flow Games,,,,
Voodoo Doll,Flocomotion,Partner & Connection,Floor & Flow Games,3,2,FALSE,,,,,,Game,,,,,,,,,Team Work & Connection,Rough Housing,Floor & Flow Games,,,,
Mimic Game,Flocomotion,Rhythm & Flow,Dance / Musical Movement,3,1,FALSE,,,,,,Game,,,,,,,,,Rhythmic Foundations,Floor Flow,Kicks,Acrobatics,Dance / Musical Movement,,
Jenga Blocks,Flocomotion,Partner & Connection,Floor & Flow Games,3,2,FALSE,,,,,,Game,,,,,,,,,Team Work & Connection,Rough Housing,Floor & Flow Games,,,,
Spinal Waves and Joint Rotations,Mobility,Spinal Mobility,Spinal Waves,3,3,FALSE,,,,,,Game,,,,,,,,,Spinal Extension & Bridging,Spinal Waves,,,,,
Push Pull Off the Line,Flocomotion,Partner & Connection,Rough Housing,3,2,FALSE,,,,,,Game,,,,,,,,,Team Work & Connection,Rough Housing,Floor & Flow Games,,,,
King of the Mat,Flocomotion,Partner & Connection,Rough Housing,3,3,FALSE,,,,,,Game,,,,,,,,,Team Work & Connection,Rough Housing,Floor & Flow Games,,,,
Knee Tap Game + Crawling Version,Flocomotion,Partner & Connection,Rough Housing,3,3,FALSE,,,,,,Game,,,,,,,,,Team Work & Connection,Rough Housing,Floor & Flow Games,,,,
Shoulder Tap Game,Flocomotion,Partner & Connection,Rough Housing,3,2,FALSE,,,,,,Game,,,,,,,,,Team Work & Connection,Rough Housing,Floor & Flow Games,,,,
Flip the Croc,Flocomotion,Partner & Connection,Rough Housing,3,3,FALSE,,,,,,Game,,,,,,,,,Team Work & Connection,Rough Housing,Floor & Flow Games,,,,
Quadrupedal Red Rover,Flocomotion,Partner & Connection,Rough Housing,3,3,FALSE,,,,,,Game,,,,,,,,,Team Work & Connection,Rough Housing,Floor & Flow Games,,,,
Grappling,Flocomotion,Partner & Connection,Rough Housing,3,4,FALSE,,,,,,Game,,,,,,,,,Team Work & Connection,Rough Housing,Floor & Flow Games,,,,
Foot Taps & Handslaps,Flocomotion,Partner & Connection,Rough Housing,3,2,FALSE,,,,,,Game,,,,,,,,,Team Work & Connection,Rough Housing,Floor & Flow Games,,,,
Squat Gladiators,Flocomotion,Partner & Connection,Rough Housing,3,3,FALSE,,,,Hip & Leg Mobility - Squat Position,,Game,,,,,,,,,Team Work & Connection,Rough Housing,Floor & Flow Games,,,,
Tug of War,Flocomotion,Partner & Connection,Rough Housing,3,2,FALSE,,,,,,Game,,,,,,,,,Team Work & Connection,Rough Housing,Floor & Flow Games,,,,
,,,,,,,,,,,,,,,,,,,,,,,,,,,
Body Scans,Mobility,Breath & Mindfulness,Breath & Mindfulness,3,1,FALSE,,,,,,,,,,,,,,,Breath & Mindfulness,,,,,,
Square Breath,Mobility,Breath & Mindfulness,Breath & Mindfulness,3,1,FALSE,,,,,,,,,,,,,,,Breath & Mindfulness,,,,,,
Savasana,Mobility,Breath & Mindfulness,Breath & Mindfulness,3,1,FALSE,,,,,,,,,,,,,,,Breath & Mindfulness,,,,,,
,,,,,,FALSE,,,,,,,,,,,,,,,,,,,,,
Dragon Flag,Strength & Capacity,Core & Midline,Supine & Floor Core,3,9,TRUE,,,,Straight Arm Strength - Front Lever Line,,,,,,,,,,,Hanging Core & Compression,Rotational & Loaded Core,Supine & Floor Core,,,,
Dragon Flag - Tuck,Strength & Capacity,Core & Midline,Supine & Floor Core,3,6,FALSE,,,,Straight Arm Strength - Front Lever Line,,,,,,,,,,,Hanging Core & Compression,Rotational & Loaded Core,Supine & Floor Core,,,,
Dragon Flag - Straddle,Strength & Capacity,Core & Midline,Supine & Floor Core,3,8,FALSE,,,,Straight Arm Strength - Front Lever Line,,,,,,,,,,,Hanging Core & Compression,Rotational & Loaded Core,Supine & Floor Core,,,,
Dragon Flag - Stag,Strength & Capacity,Core & Midline,Supine & Floor Core,3,7,FALSE,,,,Straight Arm Strength - Front Lever Line,,,,,,,,,,,Hanging Core & Compression,Rotational & Loaded Core,Supine & Floor Core,,,,
Mountain Climbers,Strength & Capacity,Core & Midline,Supine & Floor Core,3,2,FALSE,,,,,,,,,,,,,,,Hanging Core & Compression,Rotational & Loaded Core,Supine & Floor Core,,,,
Bicycles,Strength & Capacity,Core & Midline,Supine & Floor Core,3,2,FALSE,,,,,,,,,,,,,,,Hanging Core & Compression,Rotational & Loaded Core,Supine & Floor Core,,,,
,,,,,,FALSE,,,,,,,,,,,,,,,,,,,,,
Dead Bug,Strength & Capacity,Core & Midline,Supine & Floor Core,3,1,FALSE,,,,,,,,,,,,,,,Hanging Core & Compression,Rotational & Loaded Core,Supine & Floor Core,,,,
Russian Twist,Strength & Capacity,Core & Midline,Rotational & Loaded Core,3,3,FALSE,,,,,,,,,,,,,,,Hanging Core & Compression,Rotational & Loaded Core,Supine & Floor Core,,,,
Hanging Knee Raises,Strength & Capacity,Core & Midline,Hanging Core & Compression,3,2,FALSE,,,,,,,,,,,,,,,Hanging Core & Compression,Rotational & Loaded Core,Supine & Floor Core,,,,
Crunches,Strength & Capacity,Core & Midline,Supine & Floor Core,3,1,FALSE,,,,,,,,,,,,,,,Hanging Core & Compression,Rotational & Loaded Core,Supine & Floor Core,,,,
Hollow Body Hold,Strength & Capacity,Core & Midline,Supine & Floor Core,3,3,FALSE,,,,,,,,,,,,,,,Hanging Core & Compression,Rotational & Loaded Core,Supine & Floor Core,,,,
Hollow Body Rocks,Strength & Capacity,Core & Midline,Supine & Floor Core,3,4,FALSE,,,,,,,,,,,,,,,Hanging Core & Compression,Rotational & Loaded Core,Supine & Floor Core,,,,
V-Snaps,Strength & Capacity,Core & Midline,Supine & Floor Core,3,5,FALSE,,,,,,,,,,,,,,,Hanging Core & Compression,Rotational & Loaded Core,Supine & Floor Core,,,,
Landmine Twist,Strength & Capacity,Core & Midline,Rotational & Loaded Core,3,4,FALSE,,,,,,,,,,,,,,,Hanging Core & Compression,Rotational & Loaded Core,Supine & Floor Core,,,,
,,,,,,FALSE,,,,,,,,,,,,,,,,,,,,,
Kong Vault,Flocomotion,Ground Locomotion,Vaulting,3,6,FALSE,,,,,,,,,,,,,,,Quadrupedal Forward,Lateral / Multi-directional,Rolling Locomotion,Bipedal Forward,Vaulting,,
Lazy Vault,Flocomotion,Ground Locomotion,Vaulting,3,4,FALSE,,,,,,,,,,,,,,,Quadrupedal Forward,Lateral / Multi-directional,Rolling Locomotion,Bipedal Forward,Vaulting,,
Safety Vault,Flocomotion,Ground Locomotion,Vaulting,3,3,FALSE,,,,,,,,,,,,,,,Quadrupedal Forward,Lateral / Multi-directional,Rolling Locomotion,Bipedal Forward,Vaulting,,
Plate Jumps,Strength & Capacity,Bounciness & Elastic Power,Vertical Jump,3,3,FALSE,,,,,,,,,,,,,,,Vertical Jump,Horizontal Jump,,,,,
Rail Balancing,Flocomotion,Ground Locomotion,Bipedal Forward,3,4,FALSE,,,,,,,,,,,,,,,Quadrupedal Forward,Lateral / Multi-directional,Rolling Locomotion,Bipedal Forward,Vaulting,,
,,,,,,FALSE,,,,,,,,,,,,,,,,,,,,,
,,,,,,FALSE,,,,,,,,,,,,,,,,,,,,,
,,,,,,FALSE,,,,,,,,,,,,,,,,,,,,,
,,,,,,FALSE,,,,,,,,,,,,,,,,,,,,,
,,,,,,FALSE,,,,,,,,,,,,,,,,,,,,,
,,,,,,FALSE,,,,,,,,,,,,,,,,,,,,,
,,,,,,FALSE,,,,,,,,,,,,,,,,,,,,,
,,,,,,FALSE,,,,,,,,,,,,,,,,,,,,,
,,,,,,FALSE,,,,,,,,,,,,,,,,,,,,,
,,,,,,FALSE,,,,,,,,,,,,,,,,,,,,,
,,,,,,FALSE,,,,,,,,,,,,,,,,,,,,,
,,,,,,FALSE,,,,,,,,,,,,,,,,,,,,,
,,,,,,FALSE,,,,,,,,,,,,,,,,,,,,,
,,,,,,FALSE,,,,,,,,,,,,,,,,,,,,,
,,,,,,FALSE,,,,,,,,,,,,,,,,,,,,,
,,,,,,FALSE,,,,,,,,,,,,,,,,,,,,,
,,,,,,FALSE,,,,,,,,,,,,,,,,,,,,,
,,,,,,FALSE,,,,,,,,,,,,,,,,,,,,,
,,,,,,FALSE,,,,,,,,,,,,,,,,,,,,,
,,,,,,FALSE,,,,,,,,,,,,,,,,,,,,,
,,,,,,FALSE,,,,,,,,,,,,,,,,,,,,,
,,,,,,FALSE,,,,,,,,,,,,,,,,,,,,,
,,,,,,FALSE,,,,,,,,,,,,,,,,,,,,,
,,,,,,FALSE,,,,,,,,,,,,,,,,,,,,,
,,,,,,FALSE,,,,,,,,,,,,,,,,,,,,,
,,,,,,FALSE,,,,,,,,,,,,,,,,,,,,,
,,,,,,FALSE,,,,,,,,,,,,,,,,,,,,,
,,,,,,FALSE,,,,,,,,,,,,,,,,,,,,,
,,,,,,FALSE,,,,,,,,,,,,,,,,,,,,,
,,,,,,FALSE,,,,,,,,,,,,,,,,,,,,,
,,,,,,FALSE,,,,,,,,,,,,,,,,,,,,,
,,,,,,FALSE,,,,,,,,,,,,,,,,,,,,,
,,,,,,FALSE,,,,,,,,,,,,,,,,,,,,,
,,,,,,FALSE,,,,,,,,,,,,,,,,,,,,,
,,,,,,FALSE,,,,,,,,,,,,,,,,,,,,,
,,,,,,FALSE,,,,,,,,,,,,,,,,,,,,,
,,,,,,FALSE,,,,,,,,,,,,,,,,,,,,,
,,,,,,FALSE,,,,,,,,,,,,,,,,,,,,,
,,,,,,FALSE,,,,,,,,,,,,,,,,,,,,,
,,,,,,FALSE,,,,,,,,,,,,,,,,,,,,,
,,,,,,FALSE,,,,,,,,,,,,,,,,,,,,,
,,,,,,FALSE,,,,,,,,,,,,,,,,,,,,,
,,,,,,FALSE,,,,,,,,,,,,,,,,,,,,,
,,,,,,FALSE,,,,,,,,,,,,,,,,,,,,,
,,,,,,FALSE,,,,,,,,,,,,,,,,,,,,,
,,,,,,FALSE,,,,,,,,,,,,,,,,,,,,,
,,,,,,FALSE,,,,,,,,,,,,,,,,,,,,,
,,,,,,FALSE,,,,,,,,,,,,,,,,,,,,,
,,,,,,FALSE,,,,,,,,,,,,,,,,,,,,,
,,,,,,FALSE,,,,,,,,,,,,,,,,,,,,,
,,,,,,FALSE,,,,,,,,,,,,,,,,,,,,,
,,,,,,FALSE,,,,,,,,,,,,,,,,,,,,,
,,,,,,FALSE,,,,,,,,,,,,,,,,,,,,,
,,,,,,FALSE,,,,,,,,,,,,,,,,,,,,,
,,,,,,FALSE,,,,,,,,,,,,,,,,,,,,,
,,,,,,FALSE,,,,,,,,,,,,,,,,,,,,,
,,,,,,FALSE,,,,,,,,,,,,,,,,,,,,,
,,,,,,FALSE,,,,,,,,,,,,,,,,,,,,,
,,,,,,FALSE,,,,,,,,,,,,,,,,,,,,,
,,,,,,FALSE,,,,,,,,,,,,,,,,,,,,,
,,,,,,FALSE,,,,,,,,,,,,,,,,,,,,,
,,,,,,FALSE,,,,,,,,,,,,,,,,,,,,,
,,,,,,FALSE,,,,,,,,,,,,,,,,,,,,,
,,,,,,FALSE,,,,,,,,,,,,,,,,,,,,,
,,,,,,FALSE,,,,,,,,,,,,,,,,,,,,,
,,,,,,FALSE,,,,,,,,,,,,,,,,,,,,,
,,,,,,FALSE,,,,,,,,,,,,,,,,,,,,,
,,,,,,FALSE,,,,,,,,,,,,,,,,,,,,,
,,,,,,FALSE,,,,,,,,,,,,,,,,,,,,,
,,,,,,FALSE,,,,,,,,,,,,,,,,,,,,,
,,,,,,FALSE,,,,,,,,,,,,,,,,,,,,,
,,,,,,FALSE,,,,,,,,,,,,,,,,,,,,,
,,,,,,FALSE,,,,,,,,,,,,,,,,,,,,,
,,,,,,FALSE,,,,,,,,,,,,,,,,,,,,,
,,,,,,FALSE,,,,,,,,,,,,,,,,,,,,,
,,,,,,FALSE,,,,,,,,,,,,,,,,,,,,,
,,,,,,FALSE,,,,,,,,,,,,,,,,,,,,,
,,,,,,FALSE,,,,,,,,,,,,,,,,,,,,,
,,,,,,FALSE,,,,,,,,,,,,,,,,,,,,,
,,,,,,FALSE,,,,,,,,,,,,,,,,,,,,,
,,,,,,FALSE,,,,,,,,,,,,,,,,,,,,,
,,,,,,FALSE,,,,,,,,,,,,,,,,,,,,,
,,,,,,FALSE,,,,,,,,,,,,,,,,,,,,,
,,,,,,FALSE,,,,,,,,,,,,,,,,,,,,,
,,,,,,FALSE,,,,,,,,,,,,,,,,,,,,,
,,,,,,FALSE,,,,,,,,,,,,,,,,,,,,,
,,,,,,FALSE,,,,,,,,,,,,,,,,,,,,,
,,,,,,FALSE,,,,,,,,,,,,,,,,,,,,,
,,,,,,FALSE,,,,,,,,,,,,,,,,,,,,,
,,,,,,FALSE,,,,,,,,,,,,,,,,,,,,,
,,,,,,FALSE,,,,,,,,,,,,,,,,,,,,,
,,,,,,FALSE,,,,,,,,,,,,,,,,,,,,,
,,,,,,FALSE,,,,,,,,,,,,,,,,,,,,,
,,,,,,FALSE,,,,,,,,,,,,,,,,,,,,,
,,,,,,FALSE,,,,,,,,,,,,,,,,,,,,,
,,,,,,FALSE,,,,,,,,,,,,,,,,,,,,,
,,,,,,FALSE,,,,,,,,,,,,,,,,,,,,,
,,,,,,FALSE,,,,,,,,,,,,,,,,,,,,,
,,,,,,FALSE,,,,,,,,,,,,,,,,,,,,,
,,,,,,FALSE,,,,,,,,,,,,,,,,,,,,,
,,,,,,FALSE,,,,,,,,,,,,,,,,,,,,,
,,,,,,FALSE,,,,,,,,,,,,,,,,,,,,,
,,,,,,FALSE,,,,,,,,,,,,,,,,,,,,,
,,,,,,FALSE,,,,,,,,,,,,,,,,,,,,,
,,,,,,FALSE,,,,,,,,,,,,,,,,,,,,,
,,,,,,FALSE,,,,,,,,,,,,,,,,,,,,,
,,,,,,FALSE,,,,,,,,,,,,,,,,,,,,,
,,,,,,FALSE,,,,,,,,,,,,,,,,,,,,,
,,,,,,FALSE,,,,,,,,,,,,,,,,,,,,,
,,,,,,FALSE,,,,,,,,,,,,,,,,,,,,,
,,,,,,FALSE,,,,,,,,,,,,,,,,,,,,,
,,,,,,FALSE,,,,,,,,,,,,,,,,,,,,,
,,,,,,FALSE,,,,,,,,,,,,,,,,,,,,,
,,,,,,FALSE,,,,,,,,,,,,,,,,,,,,,
,,,,,,FALSE,,,,,,,,,,,,,,,,,,,,,
,,,,,,FALSE,,,,,,,,,,,,,,,,,,,,,
,,,,,,FALSE,,,,,,,,,,,,,,,,,,,,,
,,,,,,FALSE,,,,,,,,,,,,,,,,,,,,,
,,,,,,FALSE,,,,,,,,,,,,,,,,,,,,,
,,,,,,FALSE,,,,,,,,,,,,,,,,,,,,,
,,,,,,FALSE,,,,,,,,,,,,,,,,,,,,,
,,,,,,FALSE,,,,,,,,,,,,,,,,,,,,,
,,,,,,FALSE,,,,,,,,,,,,,,,,,,,,,
,,,,,,FALSE,,,,,,,,,,,,,,,,,,,,,
,,,,,,FALSE,,,,,,,,,,,,,,,,,,,,,
,,,,,,FALSE,,,,,,,,,,,,,,,,,,,,,
,,,,,,FALSE,,,,,,,,,,,,,,,,,,,,,
,,,,,,FALSE,,,,,,,,,,,,,,,,,,,,,
,,,,,,FALSE,,,,,,,,,,,,,,,,,,,,,
,,,,,,FALSE,,,,,,,,,,,,,,,,,,,,,
,,,,,,FALSE,,,,,,,,,,,,,,,,,,,,,
,,,,,,FALSE,,,,,,,,,,,,,,,,,,,,,
,,,,,,FALSE,,,,,,,,,,,,,,,,,,,,,
,,,,,,FALSE,,,,,,,,,,,,,,,,,,,,,
,,,,,,FALSE,,,,,,,,,,,,,,,,,,,,,
,,,,,,FALSE,,,,,,,,,,,,,,,,,,,,,
,,,,,,FALSE,,,,,,,,,,,,,,,,,,,,,
,,,,,,FALSE,,,,,,,,,,,,,,,,,,,,,
,,,,,,FALSE,,,,,,,,,,,,,,,,,,,,,
,,,,,,FALSE,,,,,,,,,,,,,,,,,,,,,
,,,,,,FALSE,,,,,,,,,,,,,,,,,,,,,
,,,,,,FALSE,,,,,,,,,,,,,,,,,,,,,
,,,,,,FALSE,,,,,,,,,,,,,,,,,,,,,
,,,,,,FALSE,,,,,,,,,,,,,,,,,,,,,
,,,,,,FALSE,,,,,,,,,,,,,,,,,,,,,
,,,,,,FALSE,,,,,,,,,,,,,,,,,,,,,
,,,,,,FALSE,,,,,,,,,,,,,,,,,,,,,
,,,,,,FALSE,,,,,,,,,,,,,,,,,,,,,
,,,,,,FALSE,,,,,,,,,,,,,,,,,,,,,
,,,,,,FALSE,,,,,,,,,,,,,,,,,,,,,
,,,,,,FALSE,,,,,,,,,,,,,,,,,,,,,
,,,,,,FALSE,,,,,,,,,,,,,,,,,,,,,
,,,,,,FALSE,,,,,,,,,,,,,,,,,,,,,
,,,,,,FALSE,,,,,,,,,,,,,,,,,,,,,
,,,,,,FALSE,,,,,,,,,,,,,,,,,,,,,
,,,,,,FALSE,,,,,,,,,,,,,,,,,,,,,
,,,,,,FALSE,,,,,,,,,,,,,,,,,,,,,
,,,,,,FALSE,,,,,,,,,,,,,,,,,,,,,
,,,,,,FALSE,,,,,,,,,,,,,,,,,,,,,
,,,,,,FALSE,,,,,,,,,,,,,,,,,,,,,
,,,,,,FALSE,,,,,,,,,,,,,,,,,,,,,
,,,,,,FALSE,,,,,,,,,,,,,,,,,,,,,
,,,,,,FALSE,,,,,,,,,,,,,,,,,,,,,
,,,,,,FALSE,,,,,,,,,,,,,,,,,,,,,
,,,,,,FALSE,,,,,,,,,,,,,,,,,,,,,
,,,,,,FALSE,,,,,,,,,,,,,,,,,,,,,
,,,,,,FALSE,,,,,,,,,,,,,,,,,,,,,
,,,,,,FALSE,,,,,,,,,,,,,,,,,,,,,
,,,,,,FALSE,,,,,,,,,,,,,,,,,,,,,
,,,,,,FALSE,,,,,,,,,,,,,,,,,,,,,
,,,,,,FALSE,,,,,,,,,,,,,,,,,,,,,
,,,,,,FALSE,,,,,,,,,,,,,,,,,,,,,
,,,,,,FALSE,,,,,,,,,,,,,,,,,,,,,
,,,,,,FALSE,,,,,,,,,,,,,,,,,,,,,
,,,,,,FALSE,,,,,,,,,,,,,,,,,,,,,
,,,,,,FALSE,,,,,,,,,,,,,,,,,,,,,
,,,,,,FALSE,,,,,,,,,,,,,,,,,,,,,
,,,,,,FALSE,,,,,,,,,,,,,,,,,,,,,
,,,,,,FALSE,,,,,,,,,,,,,,,,,,,,,
,,,,,,FALSE,,,,,,,,,,,,,,,,,,,,,
,,,,,,FALSE,,,,,,,,,,,,,,,,,,,,,
,,,,,,FALSE,,,,,,,,,,,,,,,,,,,,,
,,,,,,FALSE,,,,,,,,,,,,,,,,,,,,,
,,,,,,FALSE,,,,,,,,,,,,,,,,,,,,,
,,,,,,FALSE,,,,,,,,,,,,,,,,,,,,,
,,,,,,FALSE,,,,,,,,,,,,,,,,,,,,,
,,,,,,FALSE,,,,,,,,,,,,,,,,,,,,,
,,,,,,FALSE,,,,,,,,,,,,,,,,,,,,,
,,,,,,FALSE,,,,,,,,,,,,,,,,,,,,,
,,,,,,FALSE,,,,,,,,,,,,,,,,,,,,,
,,,,,,FALSE,,,,,,,,,,,,,,,,,,,,,
,,,,,,FALSE,,,,,,,,,,,,,,,,,,,,,
,,,,,,FALSE,,,,,,,,,,,,,,,,,,,,,
,,,,,,FALSE,,,,,,,,,,,,,,,,,,,,,
,,,,,,FALSE,,,,,,,,,,,,,,,,,,,,,
,,,,,,FALSE,,,,,,,,,,,,,,,,,,,,,
,,,,,,FALSE,,,,,,,,,,,,,,,,,,,,,
,,,,,,FALSE,,,,,,,,,,,,,,,,,,,,,
,,,,,,FALSE,,,,,,,,,,,,,,,,,,,,,
,,,,,,FALSE,,,,,,,,,,,,,,,,,,,,,
,,,,,,FALSE,,,,,,,,,,,,,,,,,,,,,
,,,,,,FALSE,,,,,,,,,,,,,,,,,,,,,
,,,,,,FALSE,,,,,,,,,,,,,,,,,,,,,
,,,,,,FALSE,,,,,,,,,,,,,,,,,,,,,
,,,,,,FALSE,,,,,,,,,,,,,,,,,,,,,
,,,,,,FALSE,,,,,,,,,,,,,,,,,,,,,
,,,,,,FALSE,,,,,,,,,,,,,,,,,,,,,
,,,,,,FALSE,,,,,,,,,,,,,,,,,,,,,
,,,,,,FALSE,,,,,,,,,,,,,,,,,,,,,
,,,,,,FALSE,,,,,,,,,,,,,,,,,,,,,
,,,,,,FALSE,,,,,,,,,,,,,,,,,,,,,
,,,,,,FALSE,,,,,,,,,,,,,,,,,,,,,
,,,,,,FALSE,,,,,,,,,,,,,,,,,,,,,
,,,,,,FALSE,,,,,,,,,,,,,,,,,,,,,
,,,,,,FALSE,,,,,,,,,,,,,,,,,,,,,
,,,,,,FALSE,,,,,,,,,,,,,,,,,,,,,
,,,,,,FALSE,,,,,,,,,,,,,,,,,,,,,
,,,,,,FALSE,,,,,,,,,,,,,,,,,,,,,
,,,,,,FALSE,,,,,,,,,,,,,,,,,,,,,
,,,,,,FALSE,,,,,,,,,,,,,,,,,,,,,
,,,,,,FALSE,,,,,,,,,,,,,,,,,,,,,
,,,,,,FALSE,,,,,,,,,,,,,,,,,,,,,
,,,,,,FALSE,,,,,,,,,,,,,,,,,,,,,
,,,,,,FALSE,,,,,,,,,,,,,,,,,,,,,
,,,,,,FALSE,,,,,,,,,,,,,,,,,,,,,
,,,,,,FALSE,,,,,,,,,,,,,,,,,,,,,
,,,,,,FALSE,,,,,,,,,,,,,,,,,,,,,
,,,,,,FALSE,,,,,,,,,,,,,,,,,,,,,
,,,,,,FALSE,,,,,,,,,,,,,,,,,,,,,
,,,,,,FALSE,,,,,,,,,,,,,,,,,,,,,
,,,,,,FALSE,,,,,,,,,,,,,,,,,,,,,
,,,,,,FALSE,,,,,,,,,,,,,,,,,,,,,
,,,,,,FALSE,,,,,,,,,,,,,,,,,,,,,
,,,,,,FALSE,,,,,,,,,,,,,,,,,,,,,
,,,,,,FALSE,,,,,,,,,,,,,,,,,,,,,
,,,,,,FALSE,,,,,,,,,,,,,,,,,,,,,
,,,,,,FALSE,,,,,,,,,,,,,,,,,,,,,
,,,,,,FALSE,,,,,,,,,,,,,,,,,,,,,
,,,,,,FALSE,,,,,,,,,,,,,,,,,,,,,
,,,,,,FALSE,,,,,,,,,,,,,,,,,,,,,
,,,,,,FALSE,,,,,,,,,,,,,,,,,,,,,
,,,,,,FALSE,,,,,,,,,,,,,,,,,,,,,
,,,,,,FALSE,,,,,,,,,,,,,,,,,,,,,
,,,,,,FALSE,,,,,,,,,,,,,,,,,,,,,
,,,,,,FALSE,,,,,,,,,,,,,,,,,,,,,
,,,,,,FALSE,,,,,,,,,,,,,,,,,,,,,
,,,,,,FALSE,,,,,,,,,,,,,,,,,,,,,
,,,,,,FALSE,,,,,,,,,,,,,,,,,,,,,
,,,,,,FALSE,,,,,,,,,,,,,,,,,,,,,
,,,,,,FALSE,,,,,,,,,,,,,,,,,,,,,
,,,,,,FALSE,,,,,,,,,,,,,,,,,,,,,
,,,,,,FALSE,,,,,,,,,,,,,,,,,,,,,
,,,,,,FALSE,,,,,,,,,,,,,,,,,,,,,
,,,,,,FALSE,,,,,,,,,,,,,,,,,,,,,
,,,,,,FALSE,,,,,,,,,,,,,,,,,,,,,
,,,,,,FALSE,,,,,,,,,,,,,,,,,,,,,
,,,,,,FALSE,,,,,,,,,,,,,,,,,,,,,
,,,,,,FALSE,,,,,,,,,,,,,,,,,,,,,
,,,,,,FALSE,,,,,,,,,,,,,,,,,,,,,
,,,,,,FALSE,,,,,,,,,,,,,,,,,,,,,
,,,,,,FALSE,,,,,,,,,,,,,,,,,,,,,
,,,,,,FALSE,,,,,,,,,,,,,,,,,,,,,
,,,,,,FALSE,,,,,,,,,,,,,,,,,,,,,
,,,,,,FALSE,,,,,,,,,,,,,,,,,,,,,
,,,,,,FALSE,,,,,,,,,,,,,,,,,,,,,
,,,,,,FALSE,,,,,,,,,,,,,,,,,,,,,
,,,,,,FALSE,,,,,,,,,,,,,,,,,,,,,
,,,,,,FALSE,,,,,,,,,,,,,,,,,,,,,
,,,,,,FALSE,,,,,,,,,,,,,,,,,,,,,
,,,,,,FALSE,,,,,,,,,,,,,,,,,,,,,
,,,,,,FALSE,,,,,,,,,,,,,,,,,,,,,
,,,,,,FALSE,,,,,,,,,,,,,,,,,,,,,
,,,,,,FALSE,,,,,,,,,,,,,,,,,,,,,
,,,,,,FALSE,,,,,,,,,,,,,,,,,,,,,
,,,,,,FALSE,,,,,,,,,,,,,,,,,,,,,
,,,,,,FALSE,,,,,,,,,,,,,,,,,,,,,
,,,,,,FALSE,,,,,,,,,,,,,,,,,,,,,
,,,,,,FALSE,,,,,,,,,,,,,,,,,,,,,
,,,,,,FALSE,,,,,,,,,,,,,,,,,,,,,
,,,,,,FALSE,,,,,,,,,,,,,,,,,,,,,
,,,,,,FALSE,,,,,,,,,,,,,,,,,,,,,
,,,,,,FALSE,,,,,,,,,,,,,,,,,,,,,
,,,,,,FALSE,,,,,,,,,,,,,,,,,,,,,
,,,,,,FALSE,,,,,,,,,,,,,,,,,,,,,
,,,,,,FALSE,,,,,,,,,,,,,,,,,,,,,
,,,,,,FALSE,,,,,,,,,,,,,,,,,,,,,
,,,,,,FALSE,,,,,,,,,,,,,,,,,,,,,
,,,,,,FALSE,,,,,,,,,,,,,,,,,,,,,
,,,,,,FALSE,,,,,,,,,,,,,,,,,,,,,
,,,,,,FALSE,,,,,,,,,,,,,,,,,,,,,
,,,,,,FALSE,,,,,,,,,,,,,,,,,,,,,
,,,,,,FALSE,,,,,,,,,,,,,,,,,,,,,
,,,,,,FALSE,,,,,,,,,,,,,,,,,,,,,
,,,,,,FALSE,,,,,,,,,,,,,,,,,,,,,
,,,,,,FALSE,,,,,,,,,,,,,,,,,,,,,
,,,,,,FALSE,,,,,,,,,,,,,,,,,,,,,
,,,,,,FALSE,,,,,,,,,,,,,,,,,,,,,
,,,,,,FALSE,,,,,,,,,,,,,,,,,,,,,
,,,,,,FALSE,,,,,,,,,,,,,,,,,,,,,
,,,,,,FALSE,,,,,,,,,,,,,,,,,,,,,
,,,,,,FALSE,,,,,,,,,,,,,,,,,,,,,
,,,,,,FALSE,,,,,,,,,,,,,,,,,,,,,
,,,,,,FALSE,,,,,,,,,,,,,,,,,,,,,
,,,,,,FALSE,,,,,,,,,,,,,,,,,,,,,
,,,,,,FALSE,,,,,,,,,,,,,,,,,,,,,
,,,,,,FALSE,,,,,,,,,,,,,,,,,,,,,
,,,,,,FALSE,,,,,,,,,,,,,,,,,,,,,
,,,,,,FALSE,,,,,,,,,,,,,,,,,,,,,
,,,,,,FALSE,,,,,,,,,,,,,,,,,,,,,
,,,,,,FALSE,,,,,,,,,,,,,,,,,,,,,
,,,,,,FALSE,,,,,,,,,,,,,,,,,,,,,
,,,,,,FALSE,,,,,,,,,,,,,,,,,,,,,
,,,,,,FALSE,,,,,,,,,,,,,,,,,,,,,
,,,,,,FALSE,,,,,,,,,,,,,,,,,,,,,
,,,,,,FALSE,,,,,,,,,,,,,,,,,,,,,
,,,,,,FALSE,,,,,,,,,,,,,,,,,,,,,
,,,,,,FALSE,,,,,,,,,,,,,,,,,,,,,
,,,,,,FALSE,,,,,,,,,,,,,,,,,,,,,
,,,,,,FALSE,,,,,,,,,,,,,,,,,,,,,
,,,,,,FALSE,,,,,,,,,,,,,,,,,,,,,
,,,,,,FALSE,,,,,,,,,,,,,,,,,,,,,
,,,,,,FALSE,,,,,,,,,,,,,,,,,,,,,
,,,,,,FALSE,,,,,,,,,,,,,,,,,,,,,
,,,,,,FALSE,,,,,,,,,,,,,,,,,,,,,
,,,,,,FALSE,,,,,,,,,,,,,,,,,,,,,
,,,,,,FALSE,,,,,,,,,,,,,,,,,,,,,
,,,,,,FALSE,,,,,,,,,,,,,,,,,,,,,
,,,,,,FALSE,,,,,,,,,,,,,,,,,,,,,
,,,,,,FALSE,,,,,,,,,,,,,,,,,,,,,
,,,,,,FALSE,,,,,,,,,,,,,,,,,,,,,
,,,,,,FALSE,,,,,,,,,,,,,,,,,,,,,
,,,,,,FALSE,,,,,,,,,,,,,,,,,,,,,
,,,,,,FALSE,,,,,,,,,,,,,,,,,,,,,
,,,,,,FALSE,,,,,,,,,,,,,,,,,,,,,
,,,,,,FALSE,,,,,,,,,,,,,,,,,,,,,
,,,,,,FALSE,,,,,,,,,,,,,,,,,,,,,
,,,,,,FALSE,,,,,,,,,,,,,,,,,,,,,
,,,,,,FALSE,,,,,,,,,,,,,,,,,,,,,
,,,,,,FALSE,,,,,,,,,,,,,,,,,,,,,
,,,,,,FALSE,,,,,,,,,,,,,,,,,,,,,
,,,,,,FALSE,,,,,,,,,,,,,,,,,,,,,
,,,,,,FALSE,,,,,,,,,,,,,,,,,,,,,
,,,,,,FALSE,,,,,,,,,,,,,,,,,,,,,
,,,,,,FALSE,,,,,,,,,,,,,,,,,,,,,
,,,,,,FALSE,,,,,,,,,,,,,,,,,,,,,
,,,,,,FALSE,,,,,,,,,,,,,,,,,,,,,
,,,,,,FALSE,,,,,,,,,,,,,,,,,,,,,
,,,,,,FALSE,,,,,,,,,,,,,,,,,,,,,
,,,,,,FALSE,,,,,,,,,,,,,,,,,,,,,
,,,,,,FALSE,,,,,,,,,,,,,,,,,,,,,
,,,,,,FALSE,,,,,,,,,,,,,,,,,,,,,
,,,,,,FALSE,,,,,,,,,,,,,,,,,,,,,
,,,,,,FALSE,,,,,,,,,,,,,,,,,,,,,
,,,,,,FALSE,,,,,,,,,,,,,,,,,,,,,
,,,,,,FALSE,,,,,,,,,,,,,,,,,,,,,
,,,,,,FALSE,,,,,,,,,,,,,,,,,,,,,
,,,,,,FALSE,,,,,,,,,,,,,,,,,,,,,
,,,,,,FALSE,,,,,,,,,,,,,,,,,,,,,
,,,,,,FALSE,,,,,,,,,,,,,,,,,,,,,
,,,,,,FALSE,,,,,,,,,,,,,,,,,,,,,
,,,,,,FALSE,,,,,,,,,,,,,,,,,,,,,
,,,,,,FALSE,,,,,,,,,,,,,,,,,,,,,
,,,,,,FALSE,,,,,,,,,,,,,,,,,,,,,
,,,,,,FALSE,,,,,,,,,,,,,,,,,,,,,
,,,,,,FALSE,,,,,,,,,,,,,,,,,,,,,
,,,,,,FALSE,,,,,,,,,,,,,,,,,,,,,
,,,,,,FALSE,,,,,,,,,,,,,,,,,,,,,
,,,,,,FALSE,,,,,,,,,,,,,,,,,,,,,
,,,,,,FALSE,,,,,,,,,,,,,,,,,,,,,
,,,,,,FALSE,,,,,,,,,,,,,,,,,,,,,
,,,,,,FALSE,,,,,,,,,,,,,,,,,,,,,
,,,,,,FALSE,,,,,,,,,,,,,,,,,,,,,
,,,,,,FALSE,,,,,,,,,,,,,,,,,,,,,
,,,,,,FALSE,,,,,,,,,,,,,,,,,,,,,
,,,,,,FALSE,,,,,,,,,,,,,,,,,,,,,
,,,,,,FALSE,,,,,,,,,,,,,,,,,,,,,
,,,,,,FALSE,,,,,,,,,,,,,,,,,,,,,
,,,,,,FALSE,,,,,,,,,,,,,,,,,,,,,
,,,,,,FALSE,,,,,,,,,,,,,,,,,,,,,
,,,,,,FALSE,,,,,,,,,,,,,,,,,,,,,
,,,,,,FALSE,,,,,,,,,,,,,,,,,,,,,
,,,,,,FALSE,,,,,,,,,,,,,,,,,,,,,
,,,,,,FALSE,,,,,,,,,,,,,,,,,,,,,
,,,,,,FALSE,,,,,,,,,,,,,,,,,,,,,
,,,,,,FALSE,,,,,,,,,,,,,,,,,,,,,
,,,,,,FALSE,,,,,,,,,,,,,,,,,,,,,
,,,,,,FALSE,,,,,,,,,,,,,,,,,,,,,
,,,,,,FALSE,,,,,,,,,,,,,,,,,,,,,
,,,,,,FALSE,,,,,,,,,,,,,,,,,,,,,
,,,,,,FALSE,,,,,,,,,,,,,,,,,,,,,
,,,,,,FALSE,,,,,,,,,,,,,,,,,,,,,
,,,,,,FALSE,,,,,,,,,,,,,,,,,,,,,
,,,,,,FALSE,,,,,,,,,,,,,,,,,,,,,
,,,,,,FALSE,,,,,,,,,,,,,,,,,,,,,
,,,,,,FALSE,,,,,,,,,,,,,,,,,,,,,
,,,,,,FALSE,,,,,,,,,,,,,,,,,,,,,
,,,,,,FALSE,,,,,,,,,,,,,,,,,,,,,
,,,,,,FALSE,,,,,,,,,,,,,,,,,,,,,
,,,,,,FALSE,,,,,,,,,,,,,,,,,,,,,
,,,,,,FALSE,,,,,,,,,,,,,,,,,,,,,
,,,,,,FALSE,,,,,,,,,,,,,,,,,,,,,
,,,,,,FALSE,,,,,,,,,,,,,,,,,,,,,
,,,,,,FALSE,,,,,,,,,,,,,,,,,,,,,
,,,,,,FALSE,,,,,,,,,,,,,,,,,,,,,
,,,,,,FALSE,,,,,,,,,,,,,,,,,,,,,
,,,,,,FALSE,,,,,,,,,,,,,,,,,,,,,
,,,,,,FALSE,,,,,,,,,,,,,,,,,,,,,
,,,,,,FALSE,,,,,,,,,,,,,,,,,,,,,
,,,,,,FALSE,,,,,,,,,,,,,,,,,,,,,
,,,,,,FALSE,,,,,,,,,,,,,,,,,,,,,
,,,,,,FALSE,,,,,,,,,,,,,,,,,,,,,
,,,,,,FALSE,,,,,,,,,,,,,,,,,,,,,
,,,,,,FALSE,,,,,,,,,,,,,,,,,,,,,
,,,,,,FALSE,,,,,,,,,,,,,,,,,,,,,
,,,,,,FALSE,,,,,,,,,,,,,,,,,,,,,
,,,,,,FALSE,,,,,,,,,,,,,,,,,,,,,
,,,,,,FALSE,,,,,,,,,,,,,,,,,,,,,
,,,,,,FALSE,,,,,,,,,,,,,,,,,,,,,
,,,,,,FALSE,,,,,,,,,,,,,,,,,,,,,
,,,,,,FALSE,,,,,,,,,,,,,,,,,,,,,
,,,,,,FALSE,,,,,,,,,,,,,,,,,,,,,
,,,,,,FALSE,,,,,,,,,,,,,,,,,,,,,
,,,,,,FALSE,,,,,,,,,,,,,,,,,,,,,
,,,,,,FALSE,,,,,,,,,,,,,,,,,,,,,
,,,,,,FALSE,,,,,,,,,,,,,,,,,,,,,
,,,,,,FALSE,,,,,,,,,,,,,,,,,,,,,
,,,,,,FALSE,,,,,,,,,,,,,,,,,,,,,
,,,,,,FALSE,,,,,,,,,,,,,,,,,,,,,
,,,,,,FALSE,,,,,,,,,,,,,,,,,,,,,
,,,,,,FALSE,,,,,,,,,,,,,,,,,,,,,
,,,,,,FALSE,,,,,,,,,,,,,,,,,,,,,
,,,,,,FALSE,,,,,,,,,,,,,,,,,,,,,
,,,,,,FALSE,,,,,,,,,,,,,,,,,,,,,
,,,,,,FALSE,,,,,,,,,,,,,,,,,,,,,
,,,,,,FALSE,,,,,,,,,,,,,,,,,,,,,
,,,,,,FALSE,,,,,,,,,,,,,,,,,,,,,
,,,,,,FALSE,,,,,,,,,,,,,,,,,,,,,
,,,,,,FALSE,,,,,,,,,,,,,,,,,,,,,
,,,,,,FALSE,,,,,,,,,,,,,,,,,,,,,
,,,,,,FALSE,,,,,,,,,,,,,,,,,,,,,
,,,,,,FALSE,,,,,,,,,,,,,,,,,,,,,
,,,,,,FALSE,,,,,,,,,,,,,,,,,,,,,
,,,,,,FALSE,,,,,,,,,,,,,,,,,,,,,
,,,,,,FALSE,,,,,,,,,,,,,,,,,,,,,
,,,,,,FALSE,,,,,,,,,,,,,,,,,,,,,
,,,,,,FALSE,,,,,,,,,,,,,,,,,,,,,
,,,,,,FALSE,,,,,,,,,,,,,,,,,,,,,
,,,,,,FALSE,,,,,,,,,,,,,,,,,,,,,
,,,,,,FALSE,,,,,,,,,,,,,,,,,,,,,
,,,,,,FALSE,,,,,,,,,,,,,,,,,,,,,
,,,,,,FALSE,,,,,,,,,,,,,,,,,,,,,
,,,,,,FALSE,,,,,,,,,,,,,,,,,,,,,
,,,,,,FALSE,,,,,,,,,,,,,,,,,,,,,
,,,,,,FALSE,,,,,,,,,,,,,,,,,,,,,
,,,,,,FALSE,,,,,,,,,,,,,,,,,,,,,
,,,,,,FALSE,,,,,,,,,,,,,,,,,,,,,
,,,,,,FALSE,,,,,,,,,,,,,,,,,,,,,
,,,,,,FALSE,,,,,,,,,,,,,,,,,,,,,
,,,,,,FALSE,,,,,,,,,,,,,,,,,,,,,
,,,,,,FALSE,,,,,,,,,,,,,,,,,,,,,
,,,,,,FALSE,,,,,,,,,,,,,,,,,,,,,
,,,,,,FALSE,,,,,,,,,,,,,,,,,,,,,
,,,,,,FALSE,,,,,,,,,,,,,,,,,,,,,
,,,,,,FALSE,,,,,,,,,,,,,,,,,,,,,
,,,,,,FALSE,,,,,,,,,,,,,,,,,,,,,
,,,,,,FALSE,,,,,,,,,,,,,,,,,,,,,
,,,,,,FALSE,,,,,,,,,,,,,,,,,,,,,
,,,,,,FALSE,,,,,,,,,,,,,,,,,,,,,
,,,,,,FALSE,,,,,,,,,,,,,,,,,,,,,
,,,,,,FALSE,,,,,,,,,,,,,,,,,,,,,
,,,,,,FALSE,,,,,,,,,,,,,,,,,,,,,
,,,,,,FALSE,,,,,,,,,,,,,,,,,,,,,
,,,,,,FALSE,,,,,,,,,,,,,,,,,,,,,
,,,,,,FALSE,,,,,,,,,,,,,,,,,,,,,
,,,,,,FALSE,,,,,,,,,,,,,,,,,,,,,
,,,,,,FALSE,,,,,,,,,,,,,,,,,,,,,
,,,,,,FALSE,,,,,,,,,,,,,,,,,,,,,
,,,,,,FALSE,,,,,,,,,,,,,,,,,,,,,
,,,,,,FALSE,,,,,,,,,,,,,,,,,,,,,
,,,,,,FALSE,,,,,,,,,,,,,,,,,,,,,
,,,,,,FALSE,,,,,,,,,,,,,,,,,,,,,
,,,,,,FALSE,,,,,,,,,,,,,,,,,,,,,
,,,,,,FALSE,,,,,,,,,,,,,,,,,,,,,
,,,,,,FALSE,,,,,,,,,,,,,,,,,,,,,
,,,,,,FALSE,,,,,,,,,,,,,,,,,,,,,
,,,,,,FALSE,,,,,,,,,,,,,,,,,,,,,
,,,,,,FALSE,,,,,,,,,,,,,,,,,,,,,
,,,,,,FALSE,,,,,,,,,,,,,,,,,,,,,
,,,,,,FALSE,,,,,,,,,,,,,,,,,,,,,
,,,,,,FALSE,,,,,,,,,,,,,,,,,,,,,
,,,,,,FALSE,,,,,,,,,,,,,,,,,,,,,
,,,,,,FALSE,,,,,,,,,,,,,,,,,,,,,
,,,,,,FALSE,,,,,,,,,,,,,,,,,,,,,
,,,,,,FALSE,,,,,,,,,,,,,,,,,,,,,
,,,,,,FALSE,,,,,,,,,,,,,,,,,,,,,
,,,,,,FALSE,,,,,,,,,,,,,,,,,,,,,
,,,,,,FALSE,,,,,,,,,,,,,,,,,,,,,
,,,,,,FALSE,,,,,,,,,,,,,,,,,,,,,
,,,,,,FALSE,,,,,,,,,,,,,,,,,,,,,
,,,,,,FALSE,,,,,,,,,,,,,,,,,,,,,
,,,,,,FALSE,,,,,,,,,,,,,,,,,,,,,
,,,,,,FALSE,,,,,,,,,,,,,,,,,,,,,
,,,,,,FALSE,,,,,,,,,,,,,,,,,,,,,
,,,,,,FALSE,,,,,,,,,,,,,,,,,,,,,
,,,,,,FALSE,,,,,,,,,,,,,,,,,,,,,
,,,,,,FALSE,,,,,,,,,,,,,,,,,,,,,
,,,,,,FALSE,,,,,,,,,,,,,,,,,,,,,
,,,,,,FALSE,,,,,,,,,,,,,,,,,,,,,
,,,,,,FALSE,,,,,,,,,,,,,,,,,,,,,
,,,,,,FALSE,,,,,,,,,,,,,,,,,,,,,
,,,,,,FALSE,,,,,,,,,,,,,,,,,,,,,
,,,,,,FALSE,,,,,,,,,,,,,,,,,,,,,
,,,,,,FALSE,,,,,,,,,,,,,,,,,,,,,
,,,,,,FALSE,,,,,,,,,,,,,,,,,,,,,
,,,,,,FALSE,,,,,,,,,,,,,,,,,,,,,
,,,,,,FALSE,,,,,,,,,,,,,,,,,,,,,
,,,,,,FALSE,,,,,,,,,,,,,,,,,,,,,
,,,,,,FALSE,,,,,,,,,,,,,,,,,,,,,
,,,,,,FALSE,,,,,,,,,,,,,,,,,,,,,
,,,,,,FALSE,,,,,,,,,,,,,,,,,,,,,
,,,,,,FALSE,,,,,,,,,,,,,,,,,,,,,
,,,,,,FALSE,,,,,,,,,,,,,,,,,,,,,
,,,,,,FALSE,,,,,,,,,,,,,,,,,,,,,
,,,,,,FALSE,,,,,,,,,,,,,,,,,,,,,
,,,,,,FALSE,,,,,,,,,,,,,,,,,,,,,
,,,,,,FALSE,,,,,,,,,,,,,,,,,,,,,
,,,,,,FALSE,,,,,,,,,,,,,,,,,,,,,
,,,,,,FALSE,,,,,,,,,,,,,,,,,,,,,
,,,,,,FALSE,,,,,,,,,,,,,,,,,,,,,
,,,,,,FALSE,,,,,,,,,,,,,,,,,,,,,
,,,,,,FALSE,,,,,,,,,,,,,,,,,,,,,
,,,,,,FALSE,,,,,,,,,,,,,,,,,,,,,
,,,,,,FALSE,,,,,,,,,,,,,,,,,,,,,
,,,,,,FALSE,,,,,,,,,,,,,,,,,,,,,
,,,,,,FALSE,,,,,,,,,,,,,,,,,,,,,